actioncliptrain00001_001.avi',0,0,1,0
actioncliptrain00002_001.avi',0,0,0,0
actioncliptrain00003_001.avi',0,0,0,0
actioncliptrain00004_001.avi',0,0,0,0
actioncliptrain00005_001.avi',0,0,0,1
actioncliptrain00006_001.avi',0,0,0,0
actioncliptrain00006_002.avi',0,0,0,1
actioncliptrain00007_001.avi',0,0,0,0
actioncliptrain00007_002.avi',0,0,0,0
actioncliptrain00007_003.avi',0,0,0,0
actioncliptrain00008_001.avi',0,0,0,0
actioncliptrain00008_002.avi',0,0,0,0
actioncliptrain00009_001.avi',0,0,0,0
actioncliptrain00009_002.avi',0,0,0,0
actioncliptrain00010_001.avi',0,0,0,0
actioncliptrain00010_002.avi',0,0,0,0
actioncliptrain00010_003.avi',0,0,0,0
actioncliptrain00011_001.avi',0,0,0,0
actioncliptrain00011_002.avi',0,0,0,0
actioncliptrain00012_001.avi',0,0,0,0
actioncliptrain00013_001.avi',0,0,1,0
actioncliptrain00013_002.avi',0,0,0,0
actioncliptrain00014_001.avi',1,0,0,0
actioncliptrain00014_002.avi',1,0,0,0
actioncliptrain00015_001.avi',0,0,1,0
actioncliptrain00015_002.avi',0,0,0,0
actioncliptrain00016_001.avi',0,0,1,0
actioncliptrain00017_001.avi',0,0,0,0
actioncliptrain00017_002.avi',0,0,0,0
actioncliptrain00018_001.avi',0,0,0,0
actioncliptrain00018_002.avi',0,0,0,0
actioncliptrain00019_001.avi',0,0,0,0
actioncliptrain00019_002.avi',0,0,0,0
actioncliptrain00020_001.avi',0,1,0,0
actioncliptrain00020_002.avi',0,0,0,0
actioncliptrain00021_001.avi',0,0,0,0
actioncliptrain00021_002.avi',0,1,0,0
actioncliptrain00021_003.avi',0,0,0,0
actioncliptrain00022_001.avi',0,0,0,0
actioncliptrain00022_002.avi',0,0,0,1
actioncliptrain00023_001.avi',0,1,0,0
actioncliptrain00023_002.avi',0,1,0,0
actioncliptrain00024_001.avi',0,0,0,0
actioncliptrain00024_002.avi',0,1,0,0
actioncliptrain00025_001.avi',0,0,0,0
actioncliptrain00025_002.avi',0,0,0,0
actioncliptrain00025_003.avi',0,0,0,0
actioncliptrain00026_001.avi',0,0,0,0
actioncliptrain00026_002.avi',0,0,0,0
actioncliptrain00026_003.avi',0,0,0,0
actioncliptrain00026_004.avi',0,0,0,0
actioncliptrain00026_005.avi',0,0,0,0
actioncliptrain00026_006.avi',0,0,0,0
actioncliptrain00026_007.avi',0,0,0,0
actioncliptrain00026_008.avi',0,0,0,0
actioncliptrain00026_009.avi',0,0,0,0
actioncliptrain00026_010.avi',0,0,0,0
actioncliptrain00026_011.avi',0,0,0,0
actioncliptrain00026_012.avi',0,0,0,0
actioncliptrain00026_013.avi',0,0,0,0
actioncliptrain00027_001.avi',0,0,0,0
actioncliptrain00027_002.avi',0,0,0,0
actioncliptrain00027_003.avi',0,0,0,0
actioncliptrain00027_004.avi',0,0,0,0
actioncliptrain00027_005.avi',0,0,0,0
actioncliptrain00027_006.avi',0,0,0,0
actioncliptrain00028_001.avi',0,0,1,0
actioncliptrain00029_001.avi',0,0,0,0
actioncliptrain00029_002.avi',1,0,0,0
actioncliptrain00030_001.avi',0,0,0,0
actioncliptrain00030_002.avi',0,0,0,0
actioncliptrain00030_003.avi',0,0,0,0
actioncliptrain00031_001.avi',0,0,0,0
actioncliptrain00032_001.avi',0,0,0,1
actioncliptrain00032_002.avi',0,0,0,0
actioncliptrain00033_001.avi',0,0,0,0
actioncliptrain00033_002.avi',0,0,0,0
actioncliptrain00033_003.avi',0,0,0,0
actioncliptrain00034_001.avi',0,0,0,0
actioncliptrain00034_002.avi',0,0,0,0
actioncliptrain00034_003.avi',0,0,0,0
actioncliptrain00035_001.avi',0,0,1,0
actioncliptrain00035_002.avi',0,0,0,0
actioncliptrain00036_001.avi',0,0,0,0
actioncliptrain00036_002.avi',0,0,0,0
actioncliptrain00037_001.avi',0,0,0,0
actioncliptrain00037_002.avi',0,0,1,0
actioncliptrain00037_003.avi',0,0,0,0
actioncliptrain00038_001.avi',0,0,0,0
actioncliptrain00038_002.avi',0,0,0,1
actioncliptrain00039_001.avi',0,0,0,0
actioncliptrain00039_002.avi',0,0,0,0
actioncliptrain00040_001.avi',0,0,0,0
actioncliptrain00041_001.avi',0,0,0,0
actioncliptrain00041_002.avi',0,0,0,0
actioncliptrain00041_003.avi',0,0,0,0
actioncliptrain00041_004.avi',0,0,0,0
actioncliptrain00042_001.avi',0,0,0,0
actioncliptrain00042_002.avi',0,0,0,0
actioncliptrain00042_003.avi',0,0,0,0
actioncliptrain00043_001.avi',0,0,0,0
actioncliptrain00043_002.avi',0,0,0,0
actioncliptrain00043_003.avi',0,0,0,0
actioncliptrain00044_001.avi',0,0,0,0
actioncliptrain00044_002.avi',0,1,0,0
actioncliptrain00045_001.avi',0,0,0,0
actioncliptrain00046_001.avi',0,0,0,0
actioncliptrain00046_002.avi',0,0,0,0
actioncliptrain00046_003.avi',0,0,0,0
actioncliptrain00047_001.avi',0,0,0,0
actioncliptrain00047_002.avi',0,0,0,0
actioncliptrain00047_003.avi',0,0,0,0
actioncliptrain00047_004.avi',0,0,0,0
actioncliptrain00048_001.avi',0,0,0,0
actioncliptrain00048_002.avi',0,0,0,1
actioncliptrain00049_001.avi',0,0,0,1
actioncliptrain00049_002.avi',0,0,0,0
actioncliptrain00050_001.avi',0,0,0,0
actioncliptrain00050_002.avi',0,0,0,0
actioncliptrain00051_001.avi',0,1,0,0
actioncliptrain00052_001.avi',0,0,0,0
actioncliptrain00052_002.avi',0,0,0,1
actioncliptrain00052_003.avi',0,0,0,0
actioncliptrain00053_001.avi',0,0,0,0
actioncliptrain00053_002.avi',0,0,0,0
actioncliptrain00053_003.avi',0,0,0,0
actioncliptrain00053_004.avi',0,0,0,0
actioncliptrain00054_001.avi',0,0,0,0
actioncliptrain00054_002.avi',0,0,0,0
actioncliptrain00054_003.avi',0,0,0,0
actioncliptrain00055_001.avi',0,0,0,0
actioncliptrain00055_002.avi',0,0,0,0
actioncliptrain00055_003.avi',0,0,0,0
actioncliptrain00055_004.avi',0,0,0,0
actioncliptrain00056_001.avi',0,0,0,0
actioncliptrain00056_002.avi',0,0,0,0
actioncliptrain00057_001.avi',0,0,0,0
actioncliptrain00057_002.avi',0,0,0,0
actioncliptrain00057_003.avi',0,0,0,0
actioncliptrain00058_001.avi',0,0,0,0
actioncliptrain00058_002.avi',0,0,0,0
actioncliptrain00058_003.avi',0,0,0,0
actioncliptrain00058_004.avi',0,0,0,0
actioncliptrain00059_001.avi',0,0,0,0
actioncliptrain00059_002.avi',0,0,0,0
actioncliptrain00059_003.avi',0,0,0,0
actioncliptrain00060_001.avi',0,0,0,0
actioncliptrain00061_001.avi',0,1,0,0
actioncliptrain00062_001.avi',0,0,0,0
actioncliptrain00062_002.avi',0,0,0,0
actioncliptrain00063_001.avi',0,0,0,0
actioncliptrain00063_002.avi',0,0,0,0
actioncliptrain00063_003.avi',0,0,0,0
actioncliptrain00063_004.avi',0,0,0,0
actioncliptrain00064_001.avi',0,0,0,1
actioncliptrain00065_001.avi',0,0,0,0
actioncliptrain00066_001.avi',0,0,0,0
actioncliptrain00066_002.avi',0,0,0,0
actioncliptrain00067_001.avi',0,0,0,0
actioncliptrain00068_001.avi',0,0,0,0
actioncliptrain00068_002.avi',0,0,0,0
actioncliptrain00069_001.avi',0,0,0,0
actioncliptrain00069_002.avi',0,0,0,0
actioncliptrain00069_003.avi',1,0,0,0
actioncliptrain00069_004.avi',0,0,0,0
actioncliptrain00070_001.avi',0,0,0,0
actioncliptrain00071_001.avi',0,0,0,0
actioncliptrain00071_002.avi',0,0,0,0
actioncliptrain00072_001.avi',0,0,0,0
actioncliptrain00072_002.avi',0,0,0,0
actioncliptrain00072_003.avi',0,0,0,0
actioncliptrain00073_001.avi',0,0,0,1
actioncliptrain00074_001.avi',0,0,0,0
actioncliptrain00075_001.avi',0,0,0,0
actioncliptrain00075_002.avi',0,0,0,0
actioncliptrain00075_003.avi',0,0,0,0
actioncliptrain00075_004.avi',0,0,0,0
actioncliptrain00075_005.avi',0,0,0,0
actioncliptrain00076_001.avi',0,0,0,0
actioncliptrain00076_002.avi',0,0,0,0
actioncliptrain00076_003.avi',0,0,0,0
actioncliptrain00077_001.avi',1,0,0,0
actioncliptrain00078_001.avi',0,0,0,0
actioncliptrain00079_001.avi',0,0,0,0
actioncliptrain00079_002.avi',0,0,0,0
actioncliptrain00079_003.avi',0,0,0,0
actioncliptrain00079_004.avi',0,0,0,0
actioncliptrain00079_005.avi',0,0,0,0
actioncliptrain00079_006.avi',0,0,0,0
actioncliptrain00079_007.avi',0,0,0,0
actioncliptrain00079_008.avi',0,0,0,0
actioncliptrain00080_001.avi',1,0,0,0
actioncliptrain00080_002.avi',0,0,0,0
actioncliptrain00081_001.avi',0,0,0,0
actioncliptrain00081_002.avi',0,0,0,0
actioncliptrain00081_003.avi',0,0,0,0
actioncliptrain00082_001.avi',0,0,0,0
actioncliptrain00082_002.avi',0,0,0,0
actioncliptrain00082_003.avi',0,0,0,0
actioncliptrain00082_004.avi',0,0,0,0
actioncliptrain00082_005.avi',0,0,0,0
actioncliptrain00082_006.avi',0,0,0,0
actioncliptrain00083_001.avi',0,0,0,0
actioncliptrain00083_002.avi',0,0,0,0
actioncliptrain00083_003.avi',0,0,0,0
actioncliptrain00084_001.avi',0,0,0,0
actioncliptrain00085_001.avi',0,0,0,0
actioncliptrain00085_002.avi',0,0,0,0
actioncliptrain00085_003.avi',0,0,0,0
actioncliptrain00085_004.avi',0,0,0,0
actioncliptrain00085_005.avi',0,0,0,0
actioncliptrain00085_006.avi',0,0,0,0
actioncliptrain00085_007.avi',0,0,0,0
actioncliptrain00085_008.avi',0,0,0,0
actioncliptrain00085_009.avi',0,0,0,0
actioncliptrain00085_010.avi',0,0,0,0
actioncliptrain00085_011.avi',0,0,0,0
actioncliptrain00085_012.avi',0,0,0,0
actioncliptrain00086_001.avi',0,0,0,0
actioncliptrain00086_002.avi',0,0,0,0
actioncliptrain00086_003.avi',0,0,0,0
actioncliptrain00086_004.avi',0,0,0,0
actioncliptrain00086_005.avi',0,0,0,0
actioncliptrain00087_001.avi',0,0,0,0
actioncliptrain00087_002.avi',1,0,0,0
actioncliptrain00088_001.avi',0,0,1,1
actioncliptrain00089_001.avi',1,0,0,0
actioncliptrain00089_002.avi',1,0,0,0
actioncliptrain00089_003.avi',0,0,0,0
actioncliptrain00090_001.avi',0,0,0,0
actioncliptrain00090_002.avi',0,0,0,0
actioncliptrain00090_003.avi',0,0,0,0
actioncliptrain00090_004.avi',0,0,0,0
actioncliptrain00090_005.avi',0,0,0,0
actioncliptrain00090_006.avi',0,0,0,0
actioncliptrain00090_007.avi',0,0,0,0
actioncliptrain00090_008.avi',0,0,0,0
actioncliptrain00090_009.avi',0,0,0,0
actioncliptrain00091_001.avi',0,0,0,1
actioncliptrain00091_002.avi',0,0,0,0
actioncliptrain00092_001.avi',0,0,0,0
actioncliptrain00093_001.avi',0,0,0,0
actioncliptrain00093_002.avi',0,0,0,0
actioncliptrain00093_003.avi',0,0,0,0
actioncliptrain00093_004.avi',0,0,0,0
actioncliptrain00093_005.avi',0,0,0,0
actioncliptrain00094_001.avi',0,0,0,0
actioncliptrain00094_002.avi',0,0,0,0
actioncliptrain00095_001.avi',1,0,0,0
actioncliptrain00095_002.avi',0,0,0,0
actioncliptrain00095_003.avi',0,0,0,0
actioncliptrain00096_001.avi',0,0,0,1
actioncliptrain00096_002.avi',0,0,0,0
actioncliptrain00097_001.avi',0,0,0,0
actioncliptrain00097_002.avi',0,0,0,0
actioncliptrain00098_001.avi',0,0,0,0
actioncliptrain00098_002.avi',0,0,0,0
actioncliptrain00098_003.avi',0,1,0,0
actioncliptrain00099_001.avi',0,0,0,1
actioncliptrain00099_002.avi',0,0,0,0
actioncliptrain00100_001.avi',0,0,0,0
actioncliptrain00100_002.avi',0,1,0,0
actioncliptrain00100_003.avi',0,0,0,0
actioncliptrain00101_001.avi',0,0,0,0
actioncliptrain00101_002.avi',0,0,0,1
actioncliptrain00102_001.avi',0,0,0,0
actioncliptrain00102_002.avi',0,0,0,1
actioncliptrain00102_003.avi',0,0,0,1
actioncliptrain00103_001.avi',0,0,0,1
actioncliptrain00104_001.avi',0,0,0,1
actioncliptrain00104_002.avi',0,0,0,0
actioncliptrain00105_001.avi',0,0,0,0
actioncliptrain00105_002.avi',0,0,0,0
actioncliptrain00106_001.avi',1,0,0,0
actioncliptrain00106_002.avi',0,0,0,0
actioncliptrain00107_001.avi',0,0,0,0
actioncliptrain00107_002.avi',0,0,0,0
actioncliptrain00107_003.avi',0,0,0,0
actioncliptrain00107_004.avi',0,0,0,0
actioncliptrain00107_005.avi',0,0,0,0
actioncliptrain00107_006.avi',0,0,0,0
actioncliptrain00107_007.avi',0,0,0,0
actioncliptrain00107_008.avi',0,0,0,0
actioncliptrain00107_009.avi',0,0,0,0
actioncliptrain00107_010.avi',0,0,0,0
actioncliptrain00107_011.avi',0,0,0,0
actioncliptrain00107_012.avi',0,0,0,0
actioncliptrain00107_013.avi',0,0,0,0
actioncliptrain00107_014.avi',0,0,0,0
actioncliptrain00107_015.avi',0,0,0,0
actioncliptrain00108_001.avi',0,0,0,0
actioncliptrain00108_002.avi',0,0,0,0
actioncliptrain00108_003.avi',0,0,0,0
actioncliptrain00109_001.avi',1,0,0,0
actioncliptrain00110_001.avi',0,0,0,0
actioncliptrain00110_002.avi',0,0,0,0
actioncliptrain00110_003.avi',0,0,0,0
actioncliptrain00111_001.avi',0,0,0,0
actioncliptrain00111_002.avi',0,0,0,0
actioncliptrain00111_003.avi',0,0,0,0
actioncliptrain00112_001.avi',1,0,0,0
actioncliptrain00112_002.avi',0,0,0,0
actioncliptrain00113_001.avi',0,0,0,0
actioncliptrain00113_002.avi',1,0,0,0
actioncliptrain00113_003.avi',1,0,0,0
actioncliptrain00113_004.avi',0,0,0,0
actioncliptrain00113_005.avi',0,0,0,0
actioncliptrain00113_006.avi',0,0,0,0
actioncliptrain00113_007.avi',0,0,0,0
actioncliptrain00114_001.avi',0,0,0,0
actioncliptrain00114_002.avi',0,0,0,0
actioncliptrain00114_003.avi',0,0,0,0
actioncliptrain00114_004.avi',0,0,0,0
actioncliptrain00114_005.avi',0,0,0,0
actioncliptrain00114_006.avi',0,0,0,0
actioncliptrain00115_001.avi',0,0,1,0
actioncliptrain00116_001.avi',1,0,0,0
actioncliptrain00117_001.avi',0,0,0,1
actioncliptrain00118_001.avi',0,0,0,0
actioncliptrain00118_002.avi',0,0,0,1
actioncliptrain00118_003.avi',0,0,0,0
actioncliptrain00118_004.avi',0,0,0,0
actioncliptrain00119_001.avi',0,0,0,0
actioncliptrain00120_001.avi',0,0,0,0
actioncliptrain00120_002.avi',0,0,0,0
actioncliptrain00121_001.avi',0,0,0,0
actioncliptrain00121_002.avi',0,0,0,0
actioncliptrain00122_001.avi',0,0,0,0
actioncliptrain00122_002.avi',0,0,0,0
actioncliptrain00123_001.avi',1,0,0,0
actioncliptrain00124_001.avi',0,0,0,0
actioncliptrain00125_001.avi',0,1,0,0
actioncliptrain00125_002.avi',0,0,0,0
actioncliptrain00125_003.avi',0,0,0,0
actioncliptrain00126_001.avi',0,0,0,0
actioncliptrain00126_002.avi',0,0,0,0
actioncliptrain00126_003.avi',0,0,0,0
actioncliptrain00127_001.avi',0,0,0,0
actioncliptrain00127_002.avi',0,0,0,0
actioncliptrain00128_001.avi',0,1,0,0
actioncliptrain00129_001.avi',0,0,0,0
actioncliptrain00130_001.avi',1,0,0,0
actioncliptrain00131_001.avi',0,0,0,0
actioncliptrain00131_002.avi',0,0,0,0
actioncliptrain00131_003.avi',0,0,0,0
actioncliptrain00131_004.avi',0,0,0,0
actioncliptrain00131_005.avi',0,0,0,0
actioncliptrain00131_006.avi',0,0,0,0
actioncliptrain00131_007.avi',0,0,0,0
actioncliptrain00131_008.avi',0,0,0,0
actioncliptrain00131_009.avi',0,0,0,0
actioncliptrain00131_010.avi',0,0,0,0
actioncliptrain00131_011.avi',0,0,0,0
actioncliptrain00131_012.avi',0,0,0,0
actioncliptrain00131_013.avi',0,0,0,0
actioncliptrain00131_014.avi',0,0,0,0
actioncliptrain00131_015.avi',0,0,0,0
actioncliptrain00131_016.avi',0,0,0,0
actioncliptrain00131_017.avi',0,0,0,0
actioncliptrain00131_018.avi',0,0,0,0
actioncliptrain00131_019.avi',0,0,0,0
actioncliptrain00131_020.avi',0,0,0,0
actioncliptrain00131_021.avi',0,0,0,0
actioncliptrain00132_001.avi',0,0,0,0
actioncliptrain00132_002.avi',1,0,0,0
actioncliptrain00133_001.avi',0,0,0,0
actioncliptrain00133_002.avi',0,0,0,0
actioncliptrain00133_003.avi',0,0,0,0
actioncliptrain00133_004.avi',0,0,0,0
actioncliptrain00133_005.avi',0,0,0,0
actioncliptrain00133_006.avi',0,0,0,0
actioncliptrain00133_007.avi',0,0,0,0
actioncliptrain00133_008.avi',0,0,0,0
actioncliptrain00133_009.avi',0,0,0,0
actioncliptrain00134_001.avi',0,1,0,0
actioncliptrain00134_002.avi',0,0,0,0
actioncliptrain00135_001.avi',0,0,0,0
actioncliptrain00136_001.avi',0,0,0,1
actioncliptrain00137_001.avi',0,0,0,0
actioncliptrain00137_002.avi',0,0,0,1
actioncliptrain00137_003.avi',0,0,0,0
actioncliptrain00137_004.avi',0,0,0,0
actioncliptrain00138_001.avi',0,0,0,0
actioncliptrain00138_002.avi',0,0,0,0
actioncliptrain00138_003.avi',0,0,0,0
actioncliptrain00138_004.avi',0,0,0,1
actioncliptrain00139_001.avi',0,0,0,0
actioncliptrain00139_002.avi',0,0,0,0
actioncliptrain00140_001.avi',0,0,0,0
actioncliptrain00140_002.avi',0,0,0,0
actioncliptrain00141_001.avi',0,0,0,0
actioncliptrain00141_002.avi',0,0,0,0
actioncliptrain00141_003.avi',0,0,0,0
actioncliptrain00142_001.avi',0,0,0,0
actioncliptrain00142_002.avi',0,0,0,0
actioncliptrain00143_001.avi',0,0,0,1
actioncliptrain00144_001.avi',0,0,0,0
actioncliptrain00144_002.avi',0,0,0,0
actioncliptrain00145_001.avi',0,0,0,0
actioncliptrain00145_002.avi',0,0,0,0
actioncliptrain00145_003.avi',0,0,0,0
actioncliptrain00146_001.avi',0,0,0,0
actioncliptrain00147_001.avi',0,0,0,0
actioncliptrain00147_002.avi',0,0,0,0
actioncliptrain00148_001.avi',0,0,0,0
actioncliptrain00148_002.avi',0,0,0,0
actioncliptrain00148_003.avi',0,0,0,0
actioncliptrain00149_001.avi',1,0,0,0
actioncliptrain00149_002.avi',1,0,0,0
actioncliptrain00149_003.avi',1,0,0,0
actioncliptrain00150_001.avi',0,1,0,0
actioncliptrain00151_001.avi',0,1,0,0
actioncliptrain00152_001.avi',0,1,0,0
actioncliptrain00153_001.avi',0,0,0,0
actioncliptrain00153_002.avi',0,0,0,1
actioncliptrain00154_001.avi',0,1,0,0
actioncliptrain00155_001.avi',0,1,0,0
actioncliptrain00155_002.avi',0,0,0,0
actioncliptrain00156_001.avi',0,0,0,0
actioncliptrain00156_002.avi',0,0,0,1
actioncliptrain00157_001.avi',0,0,0,0
actioncliptrain00157_002.avi',0,1,0,0
actioncliptrain00157_003.avi',0,0,0,0
actioncliptrain00158_001.avi',0,0,0,0
actioncliptrain00158_002.avi',0,0,0,1
actioncliptrain00159_001.avi',0,0,0,0
actioncliptrain00159_002.avi',0,1,0,0
actioncliptrain00160_001.avi',0,1,0,0
actioncliptrain00160_002.avi',0,0,0,0
actioncliptrain00161_001.avi',0,1,0,0
actioncliptrain00162_001.avi',0,0,0,0
actioncliptrain00163_001.avi',0,0,0,0
actioncliptrain00164_001.avi',0,0,0,0
actioncliptrain00165_001.avi',0,0,0,0
actioncliptrain00166_001.avi',0,0,0,0
actioncliptrain00167_001.avi',0,1,0,0
actioncliptrain00168_001.avi',0,0,0,0
actioncliptrain00168_002.avi',0,0,0,0
actioncliptrain00168_003.avi',0,0,0,1
actioncliptrain00169_001.avi',0,0,0,0
actioncliptrain00169_002.avi',0,0,0,0
actioncliptrain00170_001.avi',0,0,0,1
actioncliptrain00170_002.avi',0,0,0,0
actioncliptrain00171_001.avi',0,0,0,1
actioncliptrain00171_002.avi',0,0,0,0
actioncliptrain00172_001.avi',0,0,0,0
actioncliptrain00172_002.avi',0,0,0,0
actioncliptrain00172_003.avi',0,0,0,0
actioncliptrain00173_001.avi',0,1,0,0
actioncliptrain00174_001.avi',0,0,0,0
actioncliptrain00174_002.avi',0,0,0,0
actioncliptrain00174_003.avi',0,0,0,0
actioncliptrain00175_001.avi',0,0,0,0
actioncliptrain00176_001.avi',0,0,0,0
actioncliptrain00176_002.avi',0,0,0,1
actioncliptrain00177_001.avi',0,0,0,0
actioncliptrain00177_002.avi',0,0,0,0
actioncliptrain00177_003.avi',0,0,0,1
actioncliptrain00177_004.avi',0,0,0,0
actioncliptrain00178_001.avi',0,1,0,0
actioncliptrain00179_001.avi',0,1,0,0
actioncliptrain00180_001.avi',0,0,0,0
actioncliptrain00181_001.avi',0,0,0,0
actioncliptrain00182_001.avi',0,0,0,0
actioncliptrain00183_001.avi',0,0,0,0
actioncliptrain00184_001.avi',0,1,0,0
actioncliptrain00185_001.avi',0,0,0,0
actioncliptrain00185_002.avi',1,0,0,0
actioncliptrain00186_001.avi',0,1,0,0
actioncliptrain00187_001.avi',0,0,0,1
actioncliptrain00188_001.avi',0,0,0,0
actioncliptrain00188_002.avi',0,0,0,0
actioncliptrain00189_001.avi',0,0,0,0
actioncliptrain00190_001.avi',0,0,0,0
actioncliptrain00190_002.avi',0,0,0,0
actioncliptrain00190_003.avi',0,0,0,0
actioncliptrain00191_001.avi',0,0,0,0
actioncliptrain00191_002.avi',0,0,0,0
actioncliptrain00192_001.avi',0,0,0,0
actioncliptrain00193_001.avi',0,0,0,0
actioncliptrain00193_002.avi',0,0,0,1
actioncliptrain00194_001.avi',0,0,0,0
actioncliptrain00195_001.avi',0,0,0,0
actioncliptrain00195_002.avi',0,1,0,0
actioncliptrain00196_001.avi',0,0,0,0
actioncliptrain00196_002.avi',0,0,0,0
actioncliptrain00197_001.avi',1,0,0,0
actioncliptrain00198_001.avi',0,0,0,0
actioncliptrain00199_001.avi',0,0,0,0
actioncliptrain00199_002.avi',1,0,0,0
actioncliptrain00200_001.avi',0,0,0,0
actioncliptrain00200_002.avi',0,1,0,0
actioncliptrain00201_001.avi',0,0,0,0
actioncliptrain00201_002.avi',0,0,0,0
actioncliptrain00201_003.avi',0,0,0,0
actioncliptrain00201_004.avi',0,0,0,0
actioncliptrain00201_005.avi',0,0,0,0
actioncliptrain00201_006.avi',0,0,0,0
actioncliptrain00202_001.avi',0,1,0,0
actioncliptrain00203_001.avi',0,0,0,0
actioncliptrain00203_002.avi',0,0,0,0
actioncliptrain00204_001.avi',0,0,0,0
actioncliptrain00204_002.avi',0,0,0,0
actioncliptrain00205_001.avi',1,0,0,0
actioncliptrain00205_002.avi',1,0,0,0
actioncliptrain00206_001.avi',1,0,0,0
actioncliptrain00206_002.avi',1,0,0,0
actioncliptrain00207_001.avi',0,1,0,0
actioncliptrain00207_002.avi',0,0,0,0
actioncliptrain00208_001.avi',0,0,0,0
actioncliptrain00208_002.avi',0,0,0,0
actioncliptrain00209_001.avi',0,0,0,0
actioncliptrain00209_002.avi',0,1,0,1
actioncliptrain00210_001.avi',0,0,0,0
actioncliptrain00211_001.avi',0,0,0,0
actioncliptrain00212_001.avi',1,0,0,0
actioncliptrain00212_002.avi',1,0,0,0
actioncliptrain00212_003.avi',1,0,0,0
actioncliptrain00212_004.avi',1,0,0,0
actioncliptrain00213_001.avi',1,0,0,0
actioncliptrain00213_002.avi',1,0,0,0
actioncliptrain00213_003.avi',0,0,0,0
actioncliptrain00213_004.avi',1,0,0,0
actioncliptrain00213_005.avi',0,0,0,0
actioncliptrain00214_001.avi',1,0,0,0
actioncliptrain00214_002.avi',1,0,0,0
actioncliptrain00214_003.avi',1,0,0,0
actioncliptrain00214_004.avi',1,0,0,0
actioncliptrain00215_001.avi',1,0,0,0
actioncliptrain00215_002.avi',1,0,0,0
actioncliptrain00215_003.avi',0,0,0,0
actioncliptrain00216_001.avi',0,0,0,0
actioncliptrain00217_001.avi',0,0,0,0
actioncliptrain00217_002.avi',1,0,0,0
actioncliptrain00217_003.avi',1,0,0,0
actioncliptrain00217_004.avi',0,0,0,0
actioncliptrain00218_001.avi',0,0,0,0
actioncliptrain00218_002.avi',1,0,0,0
actioncliptrain00218_003.avi',1,0,0,0
actioncliptrain00218_004.avi',0,0,0,0
actioncliptrain00219_001.avi',1,0,0,0
actioncliptrain00220_001.avi',1,0,0,0
actioncliptrain00220_002.avi',1,0,0,0
actioncliptrain00220_003.avi',0,0,0,0
actioncliptrain00220_004.avi',1,0,0,0
actioncliptrain00220_005.avi',0,0,0,0
actioncliptrain00220_006.avi',0,0,0,0
actioncliptrain00220_007.avi',0,0,0,0
actioncliptrain00220_008.avi',0,0,0,0
actioncliptrain00220_009.avi',0,0,0,0
actioncliptrain00220_010.avi',0,0,0,0
actioncliptrain00220_011.avi',0,0,0,0
actioncliptrain00220_012.avi',0,0,0,0
actioncliptrain00220_013.avi',0,0,0,0
actioncliptrain00220_014.avi',0,0,0,0
actioncliptrain00221_001.avi',0,0,0,0
actioncliptrain00221_002.avi',1,0,0,0
actioncliptrain00221_003.avi',1,0,0,0
actioncliptrain00221_004.avi',1,0,0,0
actioncliptrain00221_005.avi',1,0,0,0
actioncliptrain00221_006.avi',1,0,0,0
actioncliptrain00222_001.avi',0,0,0,0
actioncliptrain00222_002.avi',0,0,0,1
actioncliptrain00223_001.avi',0,0,0,0
actioncliptrain00223_002.avi',0,0,0,0
actioncliptrain00224_001.avi',0,0,0,0
actioncliptrain00224_002.avi',0,0,0,0
actioncliptrain00225_001.avi',0,0,0,0
actioncliptrain00225_002.avi',0,0,0,0
actioncliptrain00226_001.avi',0,0,0,0
actioncliptrain00227_001.avi',0,0,0,1
actioncliptrain00228_001.avi',0,0,0,0
actioncliptrain00228_002.avi',0,0,0,0
actioncliptrain00229_001.avi',0,0,0,0
actioncliptrain00229_002.avi',0,0,0,0
actioncliptrain00230_001.avi',0,0,0,0
actioncliptrain00230_002.avi',0,0,0,0
actioncliptrain00231_001.avi',0,0,0,0
actioncliptrain00232_001.avi',0,0,1,0
actioncliptrain00233_001.avi',0,1,0,0
actioncliptrain00234_001.avi',0,0,0,0
actioncliptrain00234_002.avi',0,0,0,0
actioncliptrain00234_003.avi',0,0,0,0
actioncliptrain00235_001.avi',0,0,0,0
actioncliptrain00236_001.avi',0,0,0,0
actioncliptrain00236_002.avi',0,0,0,0
actioncliptrain00236_003.avi',0,0,0,0
actioncliptrain00236_004.avi',0,0,0,0
actioncliptrain00236_005.avi',0,0,0,0
actioncliptrain00237_001.avi',0,0,0,1
actioncliptrain00238_001.avi',0,0,0,1
actioncliptrain00238_002.avi',0,1,0,1
actioncliptrain00238_003.avi',0,0,0,0
actioncliptrain00239_001.avi',0,0,0,0
actioncliptrain00239_002.avi',0,0,0,0
actioncliptrain00239_003.avi',0,0,0,0
actioncliptrain00239_004.avi',0,0,0,0
actioncliptrain00239_005.avi',0,0,0,0
actioncliptrain00239_006.avi',0,0,0,0
actioncliptrain00239_007.avi',0,0,0,0
actioncliptrain00239_008.avi',0,0,0,0
actioncliptrain00239_009.avi',0,0,0,0
actioncliptrain00240_001.avi',0,0,0,0
actioncliptrain00240_002.avi',0,0,0,0
actioncliptrain00241_001.avi',0,0,0,0
actioncliptrain00241_002.avi',0,0,0,0
actioncliptrain00241_003.avi',1,0,0,0
actioncliptrain00241_004.avi',0,0,0,0
actioncliptrain00242_001.avi',0,0,0,0
actioncliptrain00242_002.avi',0,0,0,0
actioncliptrain00242_003.avi',0,0,0,0
actioncliptrain00243_001.avi',0,0,0,0
actioncliptrain00243_002.avi',1,0,0,0
actioncliptrain00243_003.avi',1,0,0,0
actioncliptrain00243_004.avi',1,0,0,0
actioncliptrain00243_005.avi',0,0,0,0
actioncliptrain00244_001.avi',0,0,0,0
actioncliptrain00245_001.avi',0,0,0,0
actioncliptrain00245_002.avi',0,0,0,0
actioncliptrain00245_003.avi',0,0,0,0
actioncliptrain00246_001.avi',0,0,0,0
actioncliptrain00247_001.avi',0,0,0,0
actioncliptrain00247_002.avi',0,0,0,0
actioncliptrain00248_001.avi',0,0,0,0
actioncliptrain00248_002.avi',0,0,0,0
actioncliptrain00249_001.avi',0,0,0,0
actioncliptrain00249_002.avi',0,0,0,0
actioncliptrain00249_003.avi',0,0,0,0
actioncliptrain00249_004.avi',0,0,0,0
actioncliptrain00249_005.avi',0,0,0,0
actioncliptrain00249_006.avi',0,0,0,0
actioncliptrain00249_007.avi',0,0,0,0
actioncliptrain00249_008.avi',0,0,0,0
actioncliptrain00249_009.avi',0,0,0,0
actioncliptrain00249_010.avi',0,0,0,0
actioncliptrain00249_011.avi',0,0,0,0
actioncliptrain00249_012.avi',0,0,0,0
actioncliptrain00249_013.avi',0,0,0,0
actioncliptrain00249_014.avi',0,0,0,0
actioncliptrain00249_015.avi',0,0,0,0
actioncliptrain00250_001.avi',0,0,0,0
actioncliptrain00250_002.avi',0,0,0,0
actioncliptrain00250_003.avi',0,0,0,0
actioncliptrain00251_001.avi',0,0,0,0
actioncliptrain00251_002.avi',0,0,0,0
actioncliptrain00252_001.avi',0,0,0,0
actioncliptrain00252_002.avi',0,0,0,0
actioncliptrain00252_003.avi',0,0,0,0
actioncliptrain00252_004.avi',0,0,0,0
actioncliptrain00253_001.avi',0,0,0,0
actioncliptrain00253_002.avi',0,1,0,0
actioncliptrain00253_003.avi',0,0,0,0
actioncliptrain00254_001.avi',0,0,0,0
actioncliptrain00254_002.avi',0,0,0,0
actioncliptrain00255_001.avi',0,0,0,1
actioncliptrain00256_001.avi',0,0,0,1
actioncliptrain00256_002.avi',0,0,0,1
actioncliptrain00257_001.avi',1,0,0,0
actioncliptrain00257_002.avi',1,0,0,0
actioncliptrain00257_003.avi',1,0,0,0
actioncliptrain00258_001.avi',0,0,0,0
actioncliptrain00258_002.avi',0,0,0,0
actioncliptrain00258_003.avi',0,0,0,0
actioncliptrain00259_001.avi',0,0,0,0
actioncliptrain00259_002.avi',0,0,0,0
actioncliptrain00260_001.avi',0,0,0,0
actioncliptrain00260_002.avi',0,0,0,0
actioncliptrain00261_001.avi',0,0,0,0
actioncliptrain00262_001.avi',0,0,0,0
actioncliptrain00262_002.avi',0,0,1,0
actioncliptrain00263_001.avi',0,1,0,0
actioncliptrain00264_001.avi',0,0,0,0
actioncliptrain00265_001.avi',0,0,0,0
actioncliptrain00265_002.avi',0,0,0,0
actioncliptrain00266_001.avi',0,0,0,0
actioncliptrain00266_002.avi',0,0,0,0
actioncliptrain00267_001.avi',0,0,0,0
actioncliptrain00268_001.avi',0,0,0,0
actioncliptrain00268_002.avi',0,0,0,0
actioncliptrain00268_003.avi',0,0,0,0
actioncliptrain00269_001.avi',0,0,0,0
actioncliptrain00269_002.avi',0,0,0,0
actioncliptrain00270_001.avi',0,0,0,0
actioncliptrain00270_002.avi',0,0,0,0
actioncliptrain00270_003.avi',0,0,0,0
actioncliptrain00271_001.avi',0,1,0,0
actioncliptrain00272_001.avi',0,0,0,1
actioncliptrain00273_001.avi',0,0,0,1
actioncliptrain00274_001.avi',0,0,0,1
actioncliptrain00275_001.avi',0,0,0,0
actioncliptrain00275_002.avi',0,0,0,0
actioncliptrain00276_001.avi',0,0,0,0
actioncliptrain00276_002.avi',1,0,0,0
actioncliptrain00277_001.avi',0,0,0,0
actioncliptrain00277_002.avi',0,1,0,0
actioncliptrain00278_001.avi',0,0,0,0
actioncliptrain00278_002.avi',0,0,0,0
actioncliptrain00279_001.avi',0,0,0,0
actioncliptrain00279_002.avi',0,0,0,0
actioncliptrain00279_003.avi',0,0,0,0
actioncliptrain00280_001.avi',0,0,0,1
actioncliptrain00280_002.avi',0,0,0,0
actioncliptrain00281_001.avi',1,0,0,0
actioncliptrain00281_002.avi',0,0,0,0
actioncliptrain00282_001.avi',1,0,0,0
actioncliptrain00282_002.avi',1,0,0,0
actioncliptrain00283_001.avi',0,0,0,1
actioncliptrain00283_002.avi',0,0,0,0
actioncliptrain00284_001.avi',0,0,0,0
actioncliptrain00284_002.avi',0,0,0,0
actioncliptrain00285_001.avi',0,0,0,0
actioncliptrain00285_002.avi',0,0,0,0
actioncliptrain00286_001.avi',0,0,0,0
actioncliptrain00286_002.avi',1,0,0,0
actioncliptrain00286_003.avi',0,0,0,0
actioncliptrain00287_001.avi',1,0,0,0
actioncliptrain00287_002.avi',0,0,0,0
actioncliptrain00288_001.avi',0,0,0,0
actioncliptrain00288_002.avi',0,0,0,0
actioncliptrain00288_003.avi',0,0,0,0
actioncliptrain00289_001.avi',0,1,0,0
actioncliptrain00290_001.avi',0,0,0,0
actioncliptrain00291_001.avi',0,0,0,0
actioncliptrain00292_001.avi',0,0,0,0
actioncliptrain00292_002.avi',0,0,0,0
actioncliptrain00293_001.avi',1,0,0,0
actioncliptrain00294_001.avi',0,0,0,0
actioncliptrain00294_002.avi',0,0,0,0
actioncliptrain00294_003.avi',0,0,0,0
actioncliptrain00294_004.avi',0,0,0,0
actioncliptrain00294_005.avi',0,0,0,0
actioncliptrain00294_006.avi',0,0,0,0
actioncliptrain00294_007.avi',0,0,0,0
actioncliptrain00294_008.avi',0,0,0,0
actioncliptrain00295_001.avi',0,0,0,1
actioncliptrain00296_001.avi',0,0,0,0
actioncliptrain00296_002.avi',0,0,0,0
actioncliptrain00297_001.avi',0,0,0,0
actioncliptrain00297_002.avi',0,0,0,0
actioncliptrain00298_001.avi',0,0,0,0
actioncliptrain00298_002.avi',0,0,0,0
actioncliptrain00298_003.avi',0,0,0,0
actioncliptrain00298_004.avi',0,0,0,0
actioncliptrain00298_005.avi',0,0,0,0
actioncliptrain00298_006.avi',0,0,0,0
actioncliptrain00299_001.avi',1,0,0,0
actioncliptrain00300_001.avi',0,0,0,0
actioncliptrain00300_002.avi',0,0,0,0
actioncliptrain00300_003.avi',0,0,0,0
actioncliptrain00301_001.avi',0,0,0,0
actioncliptrain00301_002.avi',0,0,0,0
actioncliptrain00302_001.avi',0,0,0,0
actioncliptrain00302_002.avi',0,1,0,0
actioncliptrain00302_003.avi',0,0,0,0
actioncliptrain00303_001.avi',0,0,0,0
actioncliptrain00303_002.avi',0,0,0,0
actioncliptrain00303_003.avi',0,0,0,0
actioncliptrain00304_001.avi',0,0,0,0
actioncliptrain00304_002.avi',0,0,0,0
actioncliptrain00305_001.avi',0,0,0,0
actioncliptrain00305_002.avi',0,0,0,0
actioncliptrain00305_003.avi',0,0,0,0
actioncliptrain00305_004.avi',0,0,0,0
actioncliptrain00305_005.avi',0,0,0,0
actioncliptrain00305_006.avi',0,0,0,0
actioncliptrain00305_007.avi',0,0,0,0
actioncliptrain00305_008.avi',0,0,0,0
actioncliptrain00305_009.avi',0,0,0,0
actioncliptrain00305_010.avi',0,0,0,0
actioncliptrain00305_011.avi',0,0,0,0
actioncliptrain00305_012.avi',0,0,0,0
actioncliptrain00305_013.avi',0,0,0,0
actioncliptrain00305_014.avi',0,0,0,0
actioncliptrain00305_015.avi',0,0,0,0
actioncliptrain00306_001.avi',0,0,0,0
actioncliptrain00306_002.avi',0,0,0,0
actioncliptrain00306_003.avi',0,0,0,0
actioncliptrain00307_001.avi',0,0,0,0
actioncliptrain00307_002.avi',0,0,0,0
actioncliptrain00307_003.avi',0,0,0,0
actioncliptrain00307_004.avi',0,0,0,0
actioncliptrain00308_001.avi',0,0,0,0
actioncliptrain00308_002.avi',0,0,0,0
actioncliptrain00308_003.avi',0,0,0,0
actioncliptrain00309_001.avi',0,0,0,0
actioncliptrain00309_002.avi',0,0,0,0
actioncliptrain00309_003.avi',0,0,0,0
actioncliptrain00310_001.avi',0,0,0,0
actioncliptrain00310_002.avi',0,0,0,0
actioncliptrain00311_001.avi',0,0,0,0
actioncliptrain00311_002.avi',0,0,0,0
actioncliptrain00311_003.avi',0,0,0,0
actioncliptrain00312_001.avi',0,0,0,0
actioncliptrain00313_001.avi',0,0,0,0
actioncliptrain00313_002.avi',0,0,0,0
actioncliptrain00314_001.avi',0,0,0,0
actioncliptrain00314_002.avi',0,0,0,0
actioncliptrain00314_003.avi',0,0,0,0
actioncliptrain00315_001.avi',0,0,0,0
actioncliptrain00316_001.avi',0,0,0,0
actioncliptrain00316_002.avi',0,0,0,0
actioncliptrain00317_001.avi',0,1,0,0
actioncliptrain00317_002.avi',0,0,0,0
actioncliptrain00318_001.avi',0,1,0,0
actioncliptrain00319_001.avi',0,1,0,0
actioncliptrain00320_001.avi',0,0,0,0
actioncliptrain00320_002.avi',0,0,0,0
actioncliptrain00320_003.avi',0,0,0,0
actioncliptrain00320_004.avi',0,0,0,0
actioncliptrain00320_005.avi',0,0,0,0
actioncliptrain00321_001.avi',0,0,0,0
actioncliptrain00321_002.avi',0,0,0,0
actioncliptrain00322_001.avi',0,0,0,1
actioncliptrain00323_001.avi',0,0,0,0
actioncliptrain00323_002.avi',0,0,0,0
actioncliptrain00323_003.avi',0,0,0,0
actioncliptrain00323_004.avi',0,0,0,0
actioncliptrain00324_001.avi',0,0,0,1
actioncliptrain00325_001.avi',0,0,0,1
actioncliptrain00326_001.avi',0,0,0,1
actioncliptrain00326_002.avi',0,0,0,0
actioncliptrain00327_001.avi',0,0,0,0
actioncliptrain00328_001.avi',0,0,0,0
actioncliptrain00329_001.avi',0,0,0,0
actioncliptrain00329_002.avi',0,0,0,0
actioncliptrain00330_001.avi',0,0,0,1
actioncliptrain00331_001.avi',0,0,0,0
actioncliptrain00332_001.avi',0,0,0,0
actioncliptrain00333_001.avi',0,0,0,0
actioncliptrain00334_001.avi',0,0,0,0
actioncliptrain00334_002.avi',0,0,0,0
actioncliptrain00334_003.avi',0,0,0,0
actioncliptrain00334_004.avi',0,0,0,0
actioncliptrain00334_005.avi',0,0,0,0
actioncliptrain00335_001.avi',0,0,0,0
actioncliptrain00335_002.avi',0,0,0,0
actioncliptrain00335_003.avi',0,0,0,0
actioncliptrain00336_001.avi',0,0,0,0
actioncliptrain00337_001.avi',0,0,0,0
actioncliptrain00337_002.avi',0,0,0,0
actioncliptrain00338_001.avi',0,0,0,0
actioncliptrain00338_002.avi',0,0,0,0
actioncliptrain00339_001.avi',0,1,0,0
actioncliptrain00339_002.avi',0,0,0,0
actioncliptrain00340_001.avi',0,0,0,0
actioncliptrain00341_001.avi',0,0,0,1
actioncliptrain00341_002.avi',0,0,0,0
actioncliptrain00342_001.avi',0,0,0,1
actioncliptrain00343_001.avi',0,0,0,0
actioncliptrain00344_001.avi',0,0,0,0
actioncliptrain00345_001.avi',0,0,0,1
actioncliptrain00346_001.avi',0,1,0,0
actioncliptrain00347_001.avi',0,0,0,0
actioncliptrain00348_001.avi',0,0,0,0
actioncliptrain00348_002.avi',0,0,0,0
actioncliptrain00349_001.avi',0,1,0,0
actioncliptrain00350_001.avi',0,1,0,0
actioncliptrain00350_002.avi',0,0,0,0
actioncliptrain00351_001.avi',0,0,0,0
actioncliptrain00352_001.avi',0,1,0,0
actioncliptrain00353_001.avi',0,0,0,0
actioncliptrain00353_002.avi',0,0,0,0
actioncliptrain00354_001.avi',0,0,0,0
actioncliptrain00354_002.avi',0,0,0,1
actioncliptrain00355_001.avi',0,0,0,0
actioncliptrain00356_001.avi',0,0,0,0
actioncliptrain00356_002.avi',0,0,0,1
actioncliptrain00356_003.avi',0,0,0,0
actioncliptrain00357_001.avi',0,1,0,0
actioncliptrain00358_001.avi',0,0,0,0
actioncliptrain00358_002.avi',0,1,0,0
actioncliptrain00359_001.avi',0,0,0,0
actioncliptrain00359_002.avi',0,0,0,0
actioncliptrain00360_001.avi',0,0,0,0
actioncliptrain00360_002.avi',1,0,0,0
actioncliptrain00360_003.avi',0,0,0,0
actioncliptrain00361_001.avi',1,0,0,0
actioncliptrain00361_002.avi',1,0,0,0
actioncliptrain00361_003.avi',1,0,0,0
actioncliptrain00361_004.avi',1,0,0,0
actioncliptrain00361_005.avi',1,0,0,0
actioncliptrain00361_006.avi',0,0,0,0
actioncliptrain00361_007.avi',0,0,0,0
actioncliptrain00361_008.avi',1,0,0,0
actioncliptrain00361_009.avi',1,0,0,0
actioncliptrain00361_010.avi',1,0,0,0
actioncliptrain00361_011.avi',1,0,0,0
actioncliptrain00361_012.avi',1,0,0,0
actioncliptrain00361_013.avi',0,0,0,0
actioncliptrain00361_014.avi',1,0,0,0
actioncliptrain00361_015.avi',0,0,0,0
actioncliptrain00362_001.avi',0,0,0,0
actioncliptrain00362_002.avi',1,0,0,0
actioncliptrain00362_003.avi',1,0,0,0
actioncliptrain00363_001.avi',1,0,0,0
actioncliptrain00364_001.avi',1,0,0,0
actioncliptrain00364_002.avi',1,0,0,0
actioncliptrain00365_001.avi',0,0,0,0
actioncliptrain00365_002.avi',0,0,0,0
actioncliptrain00365_003.avi',0,0,0,0
actioncliptrain00366_001.avi',1,0,0,0
actioncliptrain00366_002.avi',0,0,0,0
actioncliptrain00366_003.avi',1,0,0,0
actioncliptrain00366_004.avi',1,0,0,0
actioncliptrain00366_005.avi',1,0,0,0
actioncliptrain00366_006.avi',1,0,0,0
actioncliptrain00366_007.avi',1,0,0,0
actioncliptrain00366_008.avi',1,0,0,0
actioncliptrain00366_009.avi',0,0,0,0
actioncliptrain00366_010.avi',1,0,0,0
actioncliptrain00366_011.avi',1,0,0,0
actioncliptrain00366_012.avi',1,0,0,0
actioncliptrain00366_013.avi',1,0,0,0
actioncliptrain00366_014.avi',0,0,0,0
actioncliptrain00367_001.avi',0,0,0,0
actioncliptrain00367_002.avi',1,0,0,0
actioncliptrain00367_003.avi',1,0,0,0
actioncliptrain00367_004.avi',0,0,0,0
actioncliptrain00368_001.avi',0,0,0,0
actioncliptrain00368_002.avi',1,0,0,0
actioncliptrain00368_003.avi',0,0,0,0
actioncliptrain00369_001.avi',0,0,0,0
actioncliptrain00369_002.avi',1,0,0,0
actioncliptrain00370_001.avi',0,0,0,0
actioncliptrain00370_002.avi',1,0,0,0
actioncliptrain00370_003.avi',1,0,0,0
actioncliptrain00370_004.avi',1,0,0,0
actioncliptrain00370_005.avi',1,0,0,0
actioncliptrain00370_006.avi',1,0,0,0
actioncliptrain00371_001.avi',0,0,0,0
actioncliptrain00371_002.avi',1,0,0,0
actioncliptrain00371_003.avi',0,0,0,0
actioncliptrain00372_001.avi',0,0,0,0
actioncliptrain00372_002.avi',0,0,0,1
actioncliptrain00372_003.avi',0,0,0,0
actioncliptrain00373_001.avi',1,0,0,0
actioncliptrain00373_002.avi',0,0,0,0
actioncliptrain00374_001.avi',0,0,0,0
actioncliptrain00375_001.avi',0,0,0,0
actioncliptrain00376_001.avi',0,0,0,0
actioncliptrain00376_002.avi',0,0,0,0
actioncliptrain00377_001.avi',1,0,0,0
actioncliptrain00377_002.avi',1,0,0,0
actioncliptrain00377_003.avi',1,0,0,0
actioncliptrain00378_001.avi',0,0,0,0
actioncliptrain00378_002.avi',1,0,0,0
actioncliptrain00379_001.avi',0,0,0,0
actioncliptrain00379_002.avi',0,0,0,0
actioncliptrain00380_001.avi',0,0,0,0
actioncliptrain00381_001.avi',0,0,0,0
actioncliptrain00381_002.avi',0,0,0,0
actioncliptrain00382_001.avi',0,0,0,0
actioncliptrain00383_001.avi',0,0,0,0
actioncliptrain00383_002.avi',0,0,0,0
actioncliptrain00383_003.avi',0,0,0,0
actioncliptrain00384_001.avi',0,0,0,0
actioncliptrain00384_002.avi',0,1,0,0
actioncliptrain00385_001.avi',0,1,0,0
actioncliptrain00386_001.avi',0,0,0,0
actioncliptrain00386_002.avi',0,0,0,1
actioncliptrain00386_003.avi',0,0,0,1
actioncliptrain00387_001.avi',1,0,0,0
actioncliptrain00388_001.avi',0,0,0,1
actioncliptrain00388_002.avi',1,0,0,0
actioncliptrain00388_003.avi',0,0,0,0
actioncliptrain00389_001.avi',1,0,0,0
actioncliptrain00389_002.avi',1,0,0,0
actioncliptrain00390_001.avi',1,0,0,0
actioncliptrain00390_002.avi',1,0,0,0
actioncliptrain00390_003.avi',1,0,0,0
actioncliptrain00390_004.avi',0,0,0,0
actioncliptrain00390_005.avi',0,0,0,0
actioncliptrain00390_006.avi',0,0,0,0
actioncliptrain00391_001.avi',0,0,0,0
actioncliptrain00391_002.avi',1,0,0,0
actioncliptrain00391_003.avi',1,0,0,0
actioncliptrain00391_004.avi',1,0,0,0
actioncliptrain00392_001.avi',1,0,0,0
actioncliptrain00392_002.avi',0,0,0,0
actioncliptrain00393_001.avi',1,0,0,0
actioncliptrain00393_002.avi',0,0,0,0
actioncliptrain00394_001.avi',0,0,0,0
actioncliptrain00394_002.avi',1,0,0,0
actioncliptrain00394_003.avi',1,0,0,0
actioncliptrain00394_004.avi',1,0,0,0
actioncliptrain00394_005.avi',1,0,0,0
actioncliptrain00394_006.avi',1,0,0,0
actioncliptrain00394_007.avi',1,0,0,0
actioncliptrain00394_008.avi',1,0,0,0
actioncliptrain00394_009.avi',1,0,0,0
actioncliptrain00395_001.avi',1,0,0,0
actioncliptrain00395_002.avi',0,0,0,0
actioncliptrain00396_001.avi',0,0,1,0
actioncliptrain00396_002.avi',0,0,0,0
actioncliptrain00397_001.avi',1,0,0,0
actioncliptrain00397_002.avi',1,0,0,0
actioncliptrain00397_003.avi',1,0,0,0
actioncliptrain00397_004.avi',1,0,0,0
actioncliptrain00397_005.avi',1,0,0,0
actioncliptrain00397_006.avi',1,0,0,0
actioncliptrain00397_007.avi',1,0,0,0
actioncliptrain00397_008.avi',1,0,0,0
actioncliptrain00397_009.avi',1,0,0,0
actioncliptrain00398_001.avi',0,0,0,0
actioncliptrain00398_002.avi',1,0,0,0
actioncliptrain00398_003.avi',1,0,0,0
actioncliptrain00398_004.avi',1,0,0,0
actioncliptrain00399_001.avi',1,0,0,0
actioncliptrain00400_001.avi',0,0,0,0
actioncliptrain00400_002.avi',0,1,0,0
actioncliptrain00401_001.avi',0,0,0,0
actioncliptrain00401_002.avi',0,0,1,0
actioncliptrain00402_001.avi',0,0,0,0
actioncliptrain00402_002.avi',0,0,0,0
actioncliptrain00402_003.avi',0,0,0,0
actioncliptrain00403_001.avi',1,0,0,0
actioncliptrain00403_002.avi',1,0,0,0
actioncliptrain00403_003.avi',1,0,0,0
actioncliptrain00403_004.avi',1,0,0,0
actioncliptrain00403_005.avi',1,0,0,0
actioncliptrain00403_006.avi',1,0,0,0
actioncliptrain00403_007.avi',1,0,0,0
actioncliptrain00404_001.avi',0,0,0,0
actioncliptrain00404_002.avi',0,0,0,0
actioncliptrain00405_001.avi',0,0,0,0
actioncliptrain00405_002.avi',0,0,0,0
actioncliptrain00405_003.avi',0,0,0,0
actioncliptrain00405_004.avi',0,0,0,0
actioncliptrain00405_005.avi',0,0,0,0
actioncliptrain00405_006.avi',0,0,0,0
actioncliptrain00405_007.avi',0,0,0,1
actioncliptrain00405_008.avi',0,0,0,0
actioncliptrain00405_009.avi',0,0,0,1
actioncliptrain00406_001.avi',0,0,1,1
actioncliptrain00407_001.avi',0,0,0,0
actioncliptrain00407_002.avi',0,0,0,0
actioncliptrain00407_003.avi',0,0,0,0
actioncliptrain00408_001.avi',0,0,0,1
actioncliptrain00408_002.avi',0,0,0,0
actioncliptrain00409_001.avi',0,0,0,0
actioncliptrain00409_002.avi',0,1,0,0
actioncliptrain00410_001.avi',0,0,0,0
actioncliptrain00411_001.avi',0,0,0,1
actioncliptrain00412_001.avi',1,0,0,0
actioncliptrain00413_001.avi',0,1,0,0
actioncliptrain00414_001.avi',0,0,0,0
actioncliptrain00414_002.avi',0,0,0,0
actioncliptrain00414_003.avi',0,0,0,0
actioncliptrain00415_001.avi',1,0,0,0
actioncliptrain00415_002.avi',1,0,0,0
actioncliptrain00415_003.avi',1,0,0,0
actioncliptrain00415_004.avi',0,0,0,0
actioncliptrain00416_001.avi',1,0,0,0
actioncliptrain00416_002.avi',1,0,0,0
actioncliptrain00416_003.avi',1,0,0,0
actioncliptrain00417_001.avi',1,0,0,0
actioncliptrain00417_002.avi',1,0,0,0
actioncliptrain00417_003.avi',1,0,0,0
actioncliptrain00417_004.avi',0,0,0,0
actioncliptrain00418_001.avi',1,0,0,0
actioncliptrain00418_002.avi',1,0,0,0
actioncliptrain00419_001.avi',1,0,0,0
actioncliptrain00419_002.avi',1,0,0,0
actioncliptrain00420_001.avi',1,0,0,0
actioncliptrain00420_002.avi',1,0,0,0
actioncliptrain00420_003.avi',0,0,0,0
actioncliptrain00421_001.avi',1,0,0,0
actioncliptrain00421_002.avi',1,0,0,0
actioncliptrain00421_003.avi',0,0,0,0
actioncliptrain00422_001.avi',1,0,0,0
actioncliptrain00422_002.avi',0,0,0,0
actioncliptrain00423_001.avi',0,0,0,0
actioncliptrain00423_002.avi',1,0,0,0
actioncliptrain00423_003.avi',0,0,0,0
actioncliptrain00424_001.avi',0,0,0,0
actioncliptrain00424_002.avi',1,0,0,0
actioncliptrain00425_001.avi',0,0,0,0
actioncliptrain00425_002.avi',1,0,0,0
actioncliptrain00425_003.avi',1,0,0,0
actioncliptrain00425_004.avi',0,0,0,0
actioncliptrain00426_001.avi',1,0,0,0
actioncliptrain00427_001.avi',0,0,0,0
actioncliptrain00427_002.avi',1,0,0,0
actioncliptrain00428_001.avi',1,0,0,0
actioncliptrain00429_001.avi',0,0,0,0
actioncliptrain00429_002.avi',0,0,0,0
actioncliptrain00430_001.avi',0,0,0,0
actioncliptrain00430_002.avi',1,0,0,0
actioncliptrain00430_003.avi',0,0,0,0
actioncliptrain00431_001.avi',1,0,0,0
actioncliptrain00432_001.avi',0,0,0,0
actioncliptrain00432_002.avi',0,1,0,0
actioncliptrain00433_001.avi',0,0,0,0
actioncliptrain00433_002.avi',0,0,0,0
actioncliptrain00434_001.avi',0,0,0,0
actioncliptrain00435_001.avi',0,0,0,0
actioncliptrain00435_002.avi',0,0,0,1
actioncliptrain00436_001.avi',0,0,0,0
actioncliptrain00436_002.avi',0,1,0,0
actioncliptrain00437_001.avi',0,0,0,0
actioncliptrain00438_001.avi',0,0,0,1
actioncliptrain00439_001.avi',0,0,0,0
actioncliptrain00439_002.avi',0,0,0,1
actioncliptrain00440_001.avi',0,0,0,0
actioncliptrain00440_002.avi',0,1,0,0
actioncliptrain00440_003.avi',0,0,0,0
actioncliptrain00441_001.avi',0,0,0,0
actioncliptrain00442_001.avi',0,0,0,0
actioncliptrain00443_001.avi',0,0,0,0
actioncliptrain00443_002.avi',0,0,0,0
actioncliptrain00444_001.avi',0,0,0,0
actioncliptrain00445_001.avi',0,0,0,0
actioncliptrain00445_002.avi',0,0,0,0
actioncliptrain00445_003.avi',0,0,0,0
actioncliptrain00446_001.avi',0,0,0,0
actioncliptrain00446_002.avi',0,0,0,0
actioncliptrain00446_003.avi',0,0,0,0
actioncliptrain00447_001.avi',0,0,0,1
actioncliptrain00448_001.avi',0,1,0,0
actioncliptrain00448_002.avi',0,0,0,0
actioncliptrain00449_001.avi',0,0,0,0
actioncliptrain00450_001.avi',0,0,0,0
actioncliptrain00450_002.avi',0,0,0,0
actioncliptrain00451_001.avi',0,0,0,0
actioncliptrain00451_002.avi',0,0,0,0
actioncliptrain00451_003.avi',0,0,0,0
actioncliptrain00451_004.avi',0,0,0,0
actioncliptrain00451_005.avi',0,0,0,0
actioncliptrain00452_001.avi',0,0,0,0
actioncliptrain00453_001.avi',0,0,0,0
actioncliptrain00453_002.avi',0,0,0,0
actioncliptrain00453_003.avi',0,0,0,0
actioncliptrain00453_004.avi',0,0,0,0
actioncliptrain00453_005.avi',0,0,0,0
actioncliptrain00453_006.avi',0,0,0,0
actioncliptrain00454_001.avi',0,0,0,0
actioncliptrain00454_002.avi',0,0,0,0
actioncliptrain00455_001.avi',0,0,0,0
actioncliptrain00455_002.avi',0,0,0,0
actioncliptrain00455_003.avi',0,0,0,0
actioncliptrain00456_001.avi',0,0,0,1
actioncliptrain00457_001.avi',0,1,0,0
actioncliptrain00457_002.avi',0,0,0,0
actioncliptrain00458_001.avi',0,0,0,0
actioncliptrain00458_002.avi',0,0,0,1
actioncliptrain00458_003.avi',0,0,0,0
actioncliptrain00459_001.avi',0,0,0,0
actioncliptrain00459_002.avi',0,0,0,0
actioncliptrain00460_001.avi',0,0,0,0
actioncliptrain00460_002.avi',0,0,0,0
actioncliptrain00460_003.avi',0,0,0,0
actioncliptrain00461_001.avi',0,0,0,0
actioncliptrain00461_002.avi',0,0,0,0
actioncliptrain00462_001.avi',0,0,0,0
actioncliptrain00462_002.avi',0,0,0,0
actioncliptrain00463_001.avi',0,0,0,0
actioncliptrain00463_002.avi',0,0,0,0
actioncliptrain00464_001.avi',0,0,0,0
actioncliptrain00464_002.avi',0,1,0,0
actioncliptrain00465_001.avi',0,0,0,0
actioncliptrain00465_002.avi',0,0,0,0
actioncliptrain00465_003.avi',0,0,0,0
actioncliptrain00466_001.avi',0,0,0,0
actioncliptrain00466_002.avi',0,0,0,0
actioncliptrain00467_001.avi',0,0,0,0
actioncliptrain00467_002.avi',0,0,0,0
actioncliptrain00468_001.avi',0,0,0,0
actioncliptrain00469_001.avi',0,0,0,0
actioncliptrain00470_001.avi',0,0,0,0
actioncliptrain00471_001.avi',0,0,0,0
actioncliptrain00472_001.avi',1,0,0,1
actioncliptrain00473_001.avi',0,0,0,0
actioncliptrain00474_001.avi',0,0,0,0
actioncliptrain00474_002.avi',0,0,0,0
actioncliptrain00475_001.avi',0,0,0,0
actioncliptrain00475_002.avi',0,0,0,0
actioncliptrain00476_001.avi',0,0,0,1
actioncliptrain00476_002.avi',0,0,0,0
actioncliptrain00477_001.avi',0,0,0,0
actioncliptrain00477_002.avi',0,0,0,0
actioncliptrain00477_003.avi',0,0,0,0
actioncliptrain00478_001.avi',0,0,0,0
actioncliptrain00479_001.avi',0,1,0,0
actioncliptrain00480_001.avi',0,0,0,1
actioncliptrain00481_001.avi',0,1,0,0
actioncliptrain00482_001.avi',0,0,0,1
actioncliptrain00483_001.avi',0,0,0,0
actioncliptrain00484_001.avi',0,0,0,0
actioncliptrain00485_001.avi',0,1,0,0
actioncliptrain00486_001.avi',0,0,0,1
actioncliptrain00486_002.avi',0,0,0,0
actioncliptrain00487_001.avi',0,1,0,0
actioncliptrain00488_001.avi',0,0,0,0
actioncliptrain00488_002.avi',0,0,0,0
actioncliptrain00489_001.avi',1,0,0,0
actioncliptrain00489_002.avi',1,0,0,0
actioncliptrain00490_001.avi',0,0,0,0
actioncliptrain00490_002.avi',0,0,0,0
actioncliptrain00491_001.avi',0,0,0,0
actioncliptrain00491_002.avi',0,0,0,0
actioncliptrain00491_003.avi',0,0,0,0
actioncliptrain00492_001.avi',0,0,0,0
actioncliptrain00492_002.avi',0,0,0,0
actioncliptrain00493_001.avi',0,0,0,0
actioncliptrain00494_001.avi',0,0,0,0
actioncliptrain00495_001.avi',0,0,0,0
actioncliptrain00495_002.avi',0,0,0,0
actioncliptrain00495_003.avi',0,0,0,0
actioncliptrain00496_001.avi',0,0,0,0
actioncliptrain00496_002.avi',1,0,0,0
actioncliptrain00496_003.avi',0,0,0,0
actioncliptrain00497_001.avi',0,0,0,0
actioncliptrain00497_002.avi',0,0,0,0
actioncliptrain00497_003.avi',0,0,0,0
actioncliptrain00498_001.avi',0,0,0,0
actioncliptrain00498_002.avi',1,0,0,0
actioncliptrain00498_003.avi',1,0,0,0
actioncliptrain00498_004.avi',1,0,0,0
actioncliptrain00498_005.avi',1,0,0,0
actioncliptrain00498_006.avi',1,0,0,0
actioncliptrain00498_007.avi',1,0,0,0
actioncliptrain00498_008.avi',1,0,0,0
actioncliptrain00498_009.avi',1,0,0,0
actioncliptrain00498_010.avi',1,0,0,0
actioncliptrain00498_011.avi',1,0,0,0
actioncliptrain00498_012.avi',1,0,0,0
actioncliptrain00499_001.avi',1,0,0,0
actioncliptrain00499_002.avi',1,0,0,0
actioncliptrain00500_001.avi',0,0,0,0
actioncliptrain00500_002.avi',0,0,0,0
actioncliptrain00501_001.avi',0,0,0,0
actioncliptrain00502_001.avi',0,0,0,0
actioncliptrain00503_001.avi',0,0,0,0
actioncliptrain00504_001.avi',0,0,0,0
actioncliptrain00504_002.avi',0,0,0,0
actioncliptrain00505_001.avi',0,0,1,0
actioncliptrain00506_001.avi',0,0,0,0
actioncliptrain00506_002.avi',0,0,0,1
actioncliptrain00507_001.avi',0,0,1,0
actioncliptrain00507_002.avi',0,0,0,0
actioncliptrain00508_001.avi',0,0,0,1
actioncliptrain00509_001.avi',0,0,0,0
actioncliptrain00510_001.avi',0,0,0,0
actioncliptrain00511_001.avi',1,0,0,0
actioncliptrain00511_002.avi',0,0,0,0
actioncliptrain00512_001.avi',0,0,0,1
actioncliptrain00513_001.avi',0,0,0,0
actioncliptrain00513_002.avi',0,0,0,0
actioncliptrain00514_001.avi',0,0,0,0
actioncliptrain00514_002.avi',1,0,0,0
actioncliptrain00515_001.avi',1,0,0,0
actioncliptrain00515_002.avi',1,0,0,0
actioncliptrain00515_003.avi',0,0,0,0
actioncliptrain00516_001.avi',0,0,0,0
actioncliptrain00516_002.avi',0,0,0,0
actioncliptrain00517_001.avi',0,0,0,0
actioncliptrain00517_002.avi',0,0,0,0
actioncliptrain00517_003.avi',0,0,0,0
actioncliptrain00518_001.avi',0,0,0,0
actioncliptrain00518_002.avi',0,0,0,0
actioncliptrain00518_003.avi',0,0,0,0
actioncliptrain00519_001.avi',0,0,0,0
actioncliptrain00519_002.avi',0,0,0,0
actioncliptrain00519_003.avi',0,0,0,0
actioncliptrain00519_004.avi',0,0,0,0
actioncliptrain00520_001.avi',1,0,0,0
actioncliptrain00520_002.avi',0,0,0,0
actioncliptrain00521_001.avi',0,0,0,0
actioncliptrain00521_002.avi',0,0,0,0
actioncliptrain00521_003.avi',0,0,0,0
actioncliptrain00522_001.avi',1,0,0,0
actioncliptrain00523_001.avi',0,0,0,0
actioncliptrain00524_001.avi',1,0,0,0
actioncliptrain00525_001.avi',0,0,0,0
actioncliptrain00525_002.avi',0,0,0,0
actioncliptrain00525_003.avi',0,0,0,0
actioncliptrain00526_001.avi',0,0,0,0
actioncliptrain00527_001.avi',0,0,0,0
actioncliptrain00528_001.avi',1,0,0,0
actioncliptrain00528_002.avi',1,0,0,0
actioncliptrain00528_003.avi',0,0,0,0
actioncliptrain00528_004.avi',1,0,0,0
actioncliptrain00528_005.avi',1,0,0,0
actioncliptrain00529_001.avi',1,0,0,0
actioncliptrain00529_002.avi',1,0,0,0
actioncliptrain00530_001.avi',0,0,0,0
actioncliptrain00530_002.avi',1,0,0,0
actioncliptrain00530_003.avi',1,0,0,0
actioncliptrain00530_004.avi',0,0,0,0
actioncliptrain00531_001.avi',0,0,0,0
actioncliptrain00531_002.avi',0,0,0,0
actioncliptrain00532_001.avi',1,0,0,0
actioncliptrain00532_002.avi',0,0,0,0
actioncliptrain00533_001.avi',0,0,0,0
actioncliptrain00533_002.avi',0,0,0,0
actioncliptrain00533_003.avi',0,0,0,0
actioncliptrain00534_001.avi',1,0,0,0
actioncliptrain00534_002.avi',1,0,0,0
actioncliptrain00534_003.avi',1,0,0,0
actioncliptrain00534_004.avi',0,0,0,0
actioncliptrain00535_001.avi',0,0,0,0
actioncliptrain00535_002.avi',0,0,0,0
actioncliptrain00535_003.avi',1,0,0,0
actioncliptrain00536_001.avi',0,0,0,0
actioncliptrain00536_002.avi',0,0,0,0
actioncliptrain00537_001.avi',0,0,0,0
actioncliptrain00537_002.avi',0,0,0,0
actioncliptrain00537_003.avi',0,0,0,0
actioncliptrain00538_001.avi',0,0,0,0
actioncliptrain00539_001.avi',0,0,0,0
actioncliptrain00539_002.avi',0,0,0,1
actioncliptrain00540_001.avi',1,0,0,0
actioncliptrain00540_002.avi',0,0,0,0
actioncliptrain00541_001.avi',0,0,0,0
actioncliptrain00542_001.avi',0,0,0,0
actioncliptrain00542_002.avi',0,0,0,0
actioncliptrain00543_001.avi',0,1,0,0
actioncliptrain00543_002.avi',0,1,0,0
actioncliptrain00544_001.avi',0,0,0,0
actioncliptrain00544_002.avi',0,0,0,0
actioncliptrain00544_003.avi',0,0,0,1
actioncliptrain00545_001.avi',0,0,0,1
actioncliptrain00546_001.avi',0,1,0,0
actioncliptrain00547_001.avi',0,0,0,1
actioncliptrain00548_001.avi',0,0,0,0
actioncliptrain00548_002.avi',0,0,0,0
actioncliptrain00549_001.avi',0,0,0,0
actioncliptrain00549_002.avi',0,0,0,0
actioncliptrain00550_001.avi',0,0,0,0
actioncliptrain00550_002.avi',0,0,0,0
actioncliptrain00550_003.avi',0,0,0,1
actioncliptrain00550_004.avi',0,0,0,0
actioncliptrain00551_001.avi',0,0,0,0
actioncliptrain00551_002.avi',0,0,0,1
actioncliptrain00552_001.avi',0,0,0,0
actioncliptrain00552_002.avi',0,0,0,0
actioncliptrain00552_003.avi',0,0,0,0
actioncliptrain00552_004.avi',0,0,0,0
actioncliptrain00552_005.avi',0,0,0,0
actioncliptrain00552_006.avi',0,0,0,0
actioncliptrain00552_007.avi',0,0,0,0
actioncliptrain00552_008.avi',0,0,0,0
actioncliptrain00553_001.avi',0,1,0,0
actioncliptrain00554_001.avi',0,0,0,1
actioncliptrain00555_001.avi',0,1,0,0
actioncliptrain00555_002.avi',0,0,0,0
actioncliptrain00556_001.avi',0,0,0,0
actioncliptrain00556_002.avi',0,0,0,1
actioncliptrain00557_001.avi',0,0,0,0
actioncliptrain00557_002.avi',0,0,0,1
actioncliptrain00558_001.avi',0,0,0,0
actioncliptrain00558_002.avi',0,0,0,0
actioncliptrain00558_003.avi',0,0,0,0
actioncliptrain00559_001.avi',0,0,0,1
actioncliptrain00560_001.avi',0,0,0,0
actioncliptrain00560_002.avi',0,0,0,0
actioncliptrain00561_001.avi',0,0,0,0
actioncliptrain00561_002.avi',0,0,0,0
actioncliptrain00562_001.avi',0,0,0,0
actioncliptrain00563_001.avi',0,1,0,0
actioncliptrain00564_001.avi',0,0,0,0
actioncliptrain00564_002.avi',0,0,0,0
actioncliptrain00565_001.avi',0,0,0,0
actioncliptrain00565_002.avi',0,0,0,0
actioncliptrain00566_001.avi',0,0,0,0
actioncliptrain00566_002.avi',0,0,0,1
actioncliptrain00567_001.avi',0,0,0,1
actioncliptrain00568_001.avi',0,0,0,0
actioncliptrain00568_002.avi',0,0,0,0
actioncliptrain00569_001.avi',0,0,0,0
actioncliptrain00569_002.avi',0,0,0,0
actioncliptrain00570_001.avi',0,0,0,0
actioncliptrain00570_002.avi',0,0,0,0
actioncliptrain00571_001.avi',0,0,0,0
actioncliptrain00571_002.avi',0,0,0,0
actioncliptrain00571_003.avi',0,0,0,0
actioncliptrain00572_001.avi',0,0,0,0
actioncliptrain00572_002.avi',0,0,0,0
actioncliptrain00572_003.avi',0,0,0,0
actioncliptrain00573_001.avi',0,0,0,0
actioncliptrain00573_002.avi',0,0,0,0
actioncliptrain00574_001.avi',0,0,0,0
actioncliptrain00574_002.avi',0,0,0,0
actioncliptrain00575_001.avi',0,0,0,0
actioncliptrain00575_002.avi',0,0,0,0
actioncliptrain00575_003.avi',0,0,0,0
actioncliptrain00576_001.avi',0,0,0,0
actioncliptrain00576_002.avi',0,0,0,0
actioncliptrain00577_001.avi',0,0,0,0
actioncliptrain00577_002.avi',0,0,0,0
actioncliptrain00578_001.avi',0,0,0,0
actioncliptrain00578_002.avi',0,1,0,0
actioncliptrain00578_003.avi',0,0,0,0
actioncliptrain00579_001.avi',0,0,0,0
actioncliptrain00579_002.avi',1,0,0,0
actioncliptrain00579_003.avi',0,0,0,0
actioncliptrain00579_004.avi',1,0,0,0
actioncliptrain00579_005.avi',1,0,0,0
actioncliptrain00579_006.avi',1,0,0,0
actioncliptrain00579_007.avi',1,0,0,0
actioncliptrain00579_008.avi',0,0,0,0
actioncliptrain00579_009.avi',1,0,0,0
actioncliptrain00579_010.avi',0,0,0,0
actioncliptrain00579_011.avi',1,0,0,0
actioncliptrain00580_001.avi',0,0,0,0
actioncliptrain00580_002.avi',0,0,0,0
actioncliptrain00580_003.avi',0,0,0,0
actioncliptrain00580_004.avi',0,0,0,0
actioncliptrain00580_005.avi',0,0,0,0
actioncliptrain00580_006.avi',0,0,0,0
actioncliptrain00581_001.avi',0,0,0,0
actioncliptrain00581_002.avi',0,0,0,0
actioncliptrain00581_003.avi',0,0,0,0
actioncliptrain00582_001.avi',0,0,0,0
actioncliptrain00582_002.avi',0,0,0,1
actioncliptrain00582_003.avi',0,0,0,1
actioncliptrain00583_001.avi',0,0,0,0
actioncliptrain00583_002.avi',0,0,0,0
actioncliptrain00583_003.avi',0,0,0,0
actioncliptrain00584_001.avi',0,0,0,0
actioncliptrain00584_002.avi',0,0,0,0
actioncliptrain00584_003.avi',0,0,0,0
actioncliptrain00585_001.avi',0,0,0,0
actioncliptrain00585_002.avi',0,0,0,0
actioncliptrain00586_001.avi',0,0,0,0
actioncliptrain00586_002.avi',0,0,0,0
actioncliptrain00586_003.avi',0,0,0,0
actioncliptrain00586_004.avi',0,0,0,0
actioncliptrain00587_001.avi',0,0,0,0
actioncliptrain00587_002.avi',0,0,0,0
actioncliptrain00587_003.avi',0,0,0,0
actioncliptrain00587_004.avi',0,0,0,0
actioncliptrain00588_001.avi',0,0,0,0
actioncliptrain00588_002.avi',0,0,0,0
actioncliptrain00588_003.avi',0,0,0,0
actioncliptrain00589_001.avi',0,0,0,0
actioncliptrain00589_002.avi',0,0,0,0
actioncliptrain00590_001.avi',0,0,0,0
actioncliptrain00590_002.avi',0,0,0,0
actioncliptrain00591_001.avi',1,0,0,0
actioncliptrain00591_002.avi',0,0,0,0
actioncliptrain00591_003.avi',0,0,0,0
actioncliptrain00591_004.avi',0,0,0,0
actioncliptrain00592_001.avi',0,1,0,0
actioncliptrain00593_001.avi',0,0,0,1
actioncliptrain00593_002.avi',0,0,0,0
actioncliptrain00594_001.avi',0,0,0,0
actioncliptrain00595_001.avi',0,0,0,0
actioncliptrain00595_002.avi',0,0,0,0
actioncliptrain00596_001.avi',0,0,0,0
actioncliptrain00596_002.avi',0,0,0,0
actioncliptrain00597_001.avi',0,0,0,0
actioncliptrain00597_002.avi',0,0,0,0
actioncliptrain00597_003.avi',0,0,0,0
actioncliptrain00598_001.avi',0,0,0,0
actioncliptrain00598_002.avi',0,0,0,0
actioncliptrain00598_003.avi',0,0,0,0
actioncliptrain00599_001.avi',0,0,0,0
actioncliptrain00599_002.avi',0,0,0,0
actioncliptrain00600_001.avi',0,0,0,0
actioncliptrain00600_002.avi',0,0,0,0
actioncliptrain00601_001.avi',0,0,0,0
actioncliptrain00601_002.avi',0,0,0,0
actioncliptrain00602_001.avi',0,0,0,0
actioncliptrain00602_002.avi',0,1,0,0
actioncliptrain00603_001.avi',0,0,0,0
actioncliptrain00603_002.avi',0,0,0,0
actioncliptrain00604_001.avi',0,0,0,0
actioncliptrain00604_002.avi',0,0,0,0
actioncliptrain00605_001.avi',0,0,0,0
actioncliptrain00605_002.avi',0,0,0,0
actioncliptrain00606_001.avi',0,0,0,0
actioncliptrain00607_001.avi',0,0,0,0
actioncliptrain00607_002.avi',0,0,0,0
actioncliptrain00607_003.avi',0,0,0,0
actioncliptrain00608_001.avi',0,0,0,0
actioncliptrain00608_002.avi',0,0,0,0
actioncliptrain00608_003.avi',0,0,0,0
actioncliptrain00609_001.avi',0,0,0,0
actioncliptrain00609_002.avi',0,0,0,0
actioncliptrain00610_001.avi',0,0,0,0
actioncliptrain00611_001.avi',0,0,0,0
actioncliptrain00611_002.avi',0,0,0,0
actioncliptrain00611_003.avi',0,0,0,0
actioncliptrain00611_004.avi',0,0,0,0
actioncliptrain00612_001.avi',0,0,0,0
actioncliptrain00612_002.avi',1,0,0,0
actioncliptrain00612_003.avi',1,0,0,0
actioncliptrain00613_001.avi',0,1,0,0
actioncliptrain00614_001.avi',0,0,0,0
actioncliptrain00615_001.avi',0,0,0,0
actioncliptrain00615_002.avi',0,0,0,0
actioncliptrain00616_001.avi',0,0,0,1
actioncliptrain00617_001.avi',0,0,0,0
actioncliptrain00617_002.avi',0,0,0,0
actioncliptrain00617_003.avi',0,0,0,0
actioncliptrain00617_004.avi',0,0,0,0
actioncliptrain00617_005.avi',0,0,0,0
actioncliptrain00618_001.avi',0,1,0,0
actioncliptrain00619_001.avi',0,0,0,0
actioncliptrain00619_002.avi',0,1,0,0
actioncliptrain00620_001.avi',0,0,0,0
actioncliptrain00620_002.avi',0,0,0,0
actioncliptrain00621_001.avi',0,0,0,0
actioncliptrain00622_001.avi',0,0,0,0
actioncliptrain00622_002.avi',0,0,0,0
actioncliptrain00623_001.avi',0,0,0,0
actioncliptrain00623_002.avi',0,0,0,0
actioncliptrain00623_003.avi',0,0,0,0
actioncliptrain00624_001.avi',0,1,0,0
actioncliptrain00625_001.avi',0,0,0,1
actioncliptrain00626_001.avi',0,0,0,0
actioncliptrain00626_002.avi',0,0,0,0
actioncliptrain00627_001.avi',0,0,0,0
actioncliptrain00627_002.avi',0,0,0,0
actioncliptrain00627_003.avi',0,0,0,0
actioncliptrain00627_004.avi',0,0,0,0
actioncliptrain00628_001.avi',0,1,0,0
actioncliptrain00628_002.avi',0,0,0,0
actioncliptrain00629_001.avi',0,0,0,0
actioncliptrain00629_002.avi',0,0,0,0
actioncliptrain00629_003.avi',0,0,0,0
actioncliptrain00630_001.avi',0,0,0,0
actioncliptrain00631_001.avi',0,0,0,0
actioncliptrain00631_002.avi',0,0,0,0
actioncliptrain00632_001.avi',0,0,0,0
actioncliptrain00632_002.avi',0,0,0,0
actioncliptrain00632_003.avi',0,0,0,0
actioncliptrain00632_004.avi',0,0,0,0
actioncliptrain00633_001.avi',0,0,0,0
actioncliptrain00634_001.avi',0,0,0,1
actioncliptrain00635_001.avi',0,0,0,0
actioncliptrain00636_001.avi',0,0,0,0
actioncliptrain00637_001.avi',0,0,0,0
actioncliptrain00637_002.avi',0,1,0,0
actioncliptrain00638_001.avi',0,0,0,0
actioncliptrain00638_002.avi',0,0,0,0
actioncliptrain00639_001.avi',0,0,1,0
actioncliptrain00640_001.avi',0,0,0,0
actioncliptrain00640_002.avi',0,0,0,1
actioncliptrain00641_001.avi',0,0,0,0
actioncliptrain00641_002.avi',0,0,0,1
actioncliptrain00641_003.avi',0,0,0,0
actioncliptrain00642_001.avi',0,0,0,0
actioncliptrain00642_002.avi',0,1,0,0
actioncliptrain00642_003.avi',0,0,0,0
actioncliptrain00643_001.avi',0,0,0,0
actioncliptrain00643_002.avi',1,0,0,0
actioncliptrain00643_003.avi',0,0,0,0
actioncliptrain00644_001.avi',0,0,0,0
actioncliptrain00644_002.avi',0,0,0,0
actioncliptrain00644_003.avi',0,0,0,0
actioncliptrain00645_001.avi',1,0,0,0
actioncliptrain00645_002.avi',0,0,0,0
actioncliptrain00646_001.avi',0,0,1,0
actioncliptrain00646_002.avi',0,0,0,0
actioncliptrain00647_001.avi',0,0,0,0
actioncliptrain00648_001.avi',0,0,0,0
actioncliptrain00648_002.avi',0,0,0,0
actioncliptrain00648_003.avi',0,0,0,0
actioncliptrain00649_001.avi',0,0,0,0
actioncliptrain00649_002.avi',1,0,0,0
actioncliptrain00649_003.avi',1,0,0,0
actioncliptrain00650_001.avi',1,0,0,0
actioncliptrain00651_001.avi',0,0,0,0
actioncliptrain00651_002.avi',0,0,0,1
actioncliptrain00652_001.avi',0,1,0,0
actioncliptrain00653_001.avi',0,0,0,0
actioncliptrain00654_001.avi',0,0,0,1
actioncliptrain00655_001.avi',0,0,0,0
actioncliptrain00655_002.avi',1,0,0,0
actioncliptrain00655_003.avi',0,0,0,0
actioncliptrain00656_001.avi',0,0,0,0
actioncliptrain00656_002.avi',0,0,0,1
actioncliptrain00657_001.avi',0,0,0,0
actioncliptrain00657_002.avi',0,0,0,1
actioncliptrain00658_001.avi',0,0,0,0
actioncliptrain00658_002.avi',0,0,0,0
actioncliptrain00659_001.avi',0,0,0,0
actioncliptrain00659_002.avi',0,0,0,0
actioncliptrain00659_003.avi',0,0,0,0
actioncliptrain00659_004.avi',0,0,0,0
actioncliptrain00660_001.avi',0,0,0,0
actioncliptrain00660_002.avi',0,0,0,0
actioncliptrain00660_003.avi',0,0,0,0
actioncliptrain00660_004.avi',0,0,0,0
actioncliptrain00660_005.avi',0,0,0,0
actioncliptrain00660_006.avi',0,0,0,0
actioncliptrain00660_007.avi',0,0,0,0
actioncliptrain00660_008.avi',0,0,0,0
actioncliptrain00660_009.avi',0,0,0,0
actioncliptrain00660_010.avi',0,0,0,0
actioncliptrain00660_011.avi',0,0,0,0
actioncliptrain00661_001.avi',0,0,0,0
actioncliptrain00661_002.avi',0,0,0,0
actioncliptrain00662_001.avi',0,1,0,0
actioncliptrain00663_001.avi',0,0,0,1
actioncliptrain00663_002.avi',0,0,0,0
actioncliptrain00664_001.avi',0,0,0,0
actioncliptrain00664_002.avi',0,0,0,0
actioncliptrain00665_001.avi',0,0,0,0
actioncliptrain00665_002.avi',0,0,0,0
actioncliptrain00666_001.avi',0,0,0,0
actioncliptrain00667_001.avi',0,1,0,0
actioncliptrain00667_002.avi',0,1,0,0
actioncliptrain00667_003.avi',0,0,0,0
actioncliptrain00668_001.avi',0,0,0,0
actioncliptrain00668_002.avi',0,0,0,0
actioncliptrain00668_003.avi',0,0,0,0
actioncliptrain00669_001.avi',0,0,1,0
actioncliptrain00669_002.avi',0,0,0,0
actioncliptrain00670_001.avi',0,0,0,0
actioncliptrain00670_002.avi',1,0,0,0
actioncliptrain00671_001.avi',0,0,0,0
actioncliptrain00672_001.avi',0,0,0,0
actioncliptrain00672_002.avi',0,0,0,0
actioncliptrain00672_003.avi',0,0,0,0
actioncliptrain00672_004.avi',0,0,0,0
actioncliptrain00672_005.avi',0,0,0,0
actioncliptrain00673_001.avi',0,0,0,0
actioncliptrain00674_001.avi',0,0,0,0
actioncliptrain00675_001.avi',0,0,0,1
actioncliptrain00676_001.avi',0,1,0,0
actioncliptrain00677_001.avi',0,0,0,0
actioncliptrain00677_002.avi',0,0,0,0
actioncliptrain00678_001.avi',0,0,0,0
actioncliptrain00678_002.avi',0,0,0,0
actioncliptrain00679_001.avi',0,1,0,0
actioncliptrain00680_001.avi',0,0,0,0
actioncliptrain00680_002.avi',0,0,0,0
actioncliptrain00680_003.avi',0,0,0,0
actioncliptrain00680_004.avi',1,0,0,0
actioncliptrain00680_005.avi',1,0,0,0
actioncliptrain00680_006.avi',1,0,0,0
actioncliptrain00680_007.avi',1,0,0,0
actioncliptrain00680_008.avi',1,0,0,0
actioncliptrain00680_009.avi',1,0,0,0
actioncliptrain00680_010.avi',1,0,0,0
actioncliptrain00681_001.avi',0,0,0,0
actioncliptrain00681_002.avi',1,0,0,0
actioncliptrain00682_001.avi',1,0,0,0
actioncliptrain00682_002.avi',0,0,0,0
actioncliptrain00683_001.avi',0,0,0,0
actioncliptrain00683_002.avi',1,0,0,0
actioncliptrain00683_003.avi',0,0,0,0
actioncliptrain00683_004.avi',0,0,0,0
actioncliptrain00683_005.avi',1,0,0,0
actioncliptrain00683_006.avi',1,0,0,0
actioncliptrain00684_001.avi',0,0,0,0
actioncliptrain00684_002.avi',0,0,0,0
actioncliptrain00684_003.avi',0,0,0,0
actioncliptrain00685_001.avi',0,0,0,0
actioncliptrain00685_002.avi',1,0,0,0
actioncliptrain00685_003.avi',1,0,0,0
actioncliptrain00685_004.avi',0,0,0,0
actioncliptrain00686_001.avi',0,0,0,0
actioncliptrain00687_001.avi',0,0,0,0
actioncliptrain00687_002.avi',0,0,0,0
actioncliptrain00688_001.avi',0,0,0,0
actioncliptrain00689_001.avi',0,0,0,1
actioncliptrain00690_001.avi',0,0,0,0
actioncliptrain00690_002.avi',0,1,0,0
actioncliptrain00691_001.avi',0,0,0,0
actioncliptrain00691_002.avi',0,0,0,0
actioncliptrain00692_001.avi',0,0,0,0
actioncliptrain00692_002.avi',1,0,0,0
actioncliptrain00693_001.avi',0,0,0,0
actioncliptrain00693_002.avi',1,0,0,0
actioncliptrain00694_001.avi',0,1,0,0
actioncliptrain00695_001.avi',0,0,0,1
actioncliptrain00696_001.avi',0,0,0,0
actioncliptrain00696_002.avi',0,0,0,0
actioncliptrain00697_001.avi',1,0,0,0
actioncliptrain00697_002.avi',1,0,0,0
actioncliptrain00698_001.avi',0,0,0,1
actioncliptrain00699_001.avi',0,1,0,0
actioncliptrain00700_001.avi',0,1,0,0
actioncliptrain00701_001.avi',0,0,0,0
actioncliptrain00701_002.avi',0,0,0,0
actioncliptrain00702_001.avi',0,0,0,0
actioncliptrain00702_002.avi',0,0,0,0
actioncliptrain00703_001.avi',0,1,0,0
actioncliptrain00704_001.avi',0,0,0,1
actioncliptrain00705_001.avi',0,0,0,0
actioncliptrain00705_002.avi',0,1,0,0
actioncliptrain00705_003.avi',0,0,0,0
actioncliptrain00706_001.avi',0,0,0,0
actioncliptrain00707_001.avi',0,0,0,0
actioncliptrain00708_001.avi',0,0,0,1
actioncliptrain00709_001.avi',0,1,1,0
actioncliptrain00709_002.avi',0,0,0,0
actioncliptrain00710_001.avi',0,0,0,0
actioncliptrain00711_001.avi',0,0,0,0
actioncliptrain00711_002.avi',0,1,0,1
actioncliptrain00712_001.avi',0,0,0,1
actioncliptrain00713_001.avi',0,1,0,0
actioncliptrain00714_001.avi',0,0,0,0
actioncliptrain00715_001.avi',0,0,0,0
actioncliptrain00715_002.avi',0,0,0,0
actioncliptrain00716_001.avi',0,0,0,1
actioncliptrain00717_001.avi',0,0,0,0
actioncliptrain00717_002.avi',0,0,0,0
actioncliptrain00718_001.avi',1,0,0,0
actioncliptrain00718_002.avi',0,0,0,0
actioncliptrain00719_001.avi',0,0,0,0
actioncliptrain00719_002.avi',0,0,0,0
actioncliptrain00720_001.avi',0,0,0,0
actioncliptrain00720_002.avi',0,0,0,1
actioncliptrain00720_003.avi',0,0,0,0
actioncliptrain00721_001.avi',0,0,0,0
actioncliptrain00721_002.avi',1,0,0,0
actioncliptrain00721_003.avi',1,0,0,0
actioncliptrain00721_004.avi',0,0,0,0
actioncliptrain00722_001.avi',0,0,0,0
actioncliptrain00722_002.avi',0,0,0,0
actioncliptrain00722_003.avi',0,0,0,0
actioncliptrain00722_004.avi',0,0,0,0
actioncliptrain00722_005.avi',0,0,0,0
actioncliptrain00722_006.avi',1,0,0,0
actioncliptrain00722_007.avi',0,0,0,0
actioncliptrain00723_001.avi',1,0,0,0
actioncliptrain00723_002.avi',0,0,0,0
actioncliptrain00723_003.avi',0,0,0,0
actioncliptrain00723_004.avi',0,0,0,0
actioncliptrain00723_005.avi',1,0,0,0
actioncliptrain00723_006.avi',0,0,0,0
actioncliptrain00724_001.avi',0,0,0,0
actioncliptrain00724_002.avi',0,0,0,0
actioncliptrain00724_003.avi',0,0,0,0
actioncliptrain00724_004.avi',0,0,0,0
actioncliptrain00724_005.avi',0,0,0,0
actioncliptrain00724_006.avi',0,0,0,0
actioncliptrain00724_007.avi',0,0,0,0
actioncliptrain00724_008.avi',0,0,0,0
actioncliptrain00724_009.avi',0,0,0,0
actioncliptrain00724_010.avi',0,0,0,0
actioncliptrain00724_011.avi',0,0,0,0
actioncliptrain00724_012.avi',0,0,0,0
actioncliptrain00724_013.avi',0,0,0,0
actioncliptrain00724_014.avi',0,0,0,0
actioncliptrain00724_015.avi',0,0,0,0
actioncliptrain00724_016.avi',0,0,0,0
actioncliptrain00724_017.avi',0,0,0,0
actioncliptrain00724_018.avi',0,0,0,0
actioncliptrain00724_019.avi',0,0,0,0
actioncliptrain00724_020.avi',0,0,0,0
actioncliptrain00724_021.avi',0,0,0,0
actioncliptrain00725_001.avi',0,0,0,0
actioncliptrain00725_002.avi',0,0,0,0
actioncliptrain00725_003.avi',0,0,0,0
actioncliptrain00725_004.avi',0,0,0,0
actioncliptrain00725_005.avi',0,0,0,0
actioncliptrain00725_006.avi',0,0,0,0
actioncliptrain00725_007.avi',0,0,0,0
actioncliptrain00725_008.avi',0,0,0,0
actioncliptrain00725_009.avi',0,0,0,0
actioncliptrain00725_010.avi',0,0,0,0
actioncliptrain00725_011.avi',0,0,0,0
actioncliptrain00725_012.avi',0,0,0,0
actioncliptrain00725_013.avi',0,0,0,0
actioncliptrain00725_014.avi',0,0,0,0
actioncliptrain00726_001.avi',0,0,0,0
actioncliptrain00726_002.avi',0,1,0,0
actioncliptrain00727_001.avi',0,0,0,0
actioncliptrain00727_002.avi',0,1,0,0
actioncliptrain00727_003.avi',0,0,0,0
actioncliptrain00728_001.avi',0,0,0,0
actioncliptrain00728_002.avi',0,0,0,1
actioncliptrain00728_003.avi',0,0,0,0
actioncliptrain00729_001.avi',0,0,0,0
actioncliptrain00729_002.avi',0,0,0,0
actioncliptrain00729_003.avi',0,0,0,0
actioncliptrain00730_001.avi',1,0,0,0
actioncliptrain00731_001.avi',1,0,0,1
actioncliptrain00732_001.avi',1,0,0,0
actioncliptrain00732_002.avi',1,0,0,0
actioncliptrain00732_003.avi',0,0,0,0
actioncliptrain00732_004.avi',1,0,0,0
actioncliptrain00732_005.avi',1,0,0,0
actioncliptrain00732_006.avi',1,0,0,0
actioncliptrain00732_007.avi',0,0,0,0
actioncliptrain00732_008.avi',0,0,0,0
actioncliptrain00732_009.avi',0,0,0,0
actioncliptrain00732_010.avi',0,0,0,0
actioncliptrain00732_011.avi',0,0,0,0
actioncliptrain00732_012.avi',0,0,0,0
actioncliptrain00732_013.avi',1,0,0,0
actioncliptrain00732_014.avi',1,0,0,0
actioncliptrain00732_015.avi',0,0,0,0
actioncliptrain00732_016.avi',1,0,0,0
actioncliptrain00732_017.avi',0,0,0,0
actioncliptrain00732_018.avi',0,0,0,0
actioncliptrain00732_019.avi',0,0,0,0
actioncliptrain00732_020.avi',0,0,0,0
actioncliptrain00733_001.avi',0,0,0,0
actioncliptrain00733_002.avi',0,0,0,0
actioncliptrain00733_003.avi',0,0,0,0
actioncliptrain00733_004.avi',0,0,0,0
actioncliptrain00733_005.avi',0,0,0,0
actioncliptrain00733_006.avi',0,0,0,0
actioncliptrain00733_007.avi',0,0,0,0
actioncliptrain00733_008.avi',0,0,0,0
actioncliptrain00733_009.avi',0,0,0,0
actioncliptrain00733_010.avi',1,0,0,0
actioncliptrain00733_011.avi',0,0,0,0
actioncliptrain00733_012.avi',0,0,0,0
actioncliptrain00733_013.avi',0,0,0,0
actioncliptrain00733_014.avi',0,0,0,0
actioncliptrain00733_015.avi',0,0,0,0
actioncliptrain00733_016.avi',0,0,0,0
actioncliptrain00733_017.avi',0,0,0,0
actioncliptrain00733_018.avi',0,0,0,0
actioncliptrain00733_019.avi',0,0,0,0
actioncliptrain00733_020.avi',0,0,0,0
actioncliptrain00733_021.avi',0,0,0,0
actioncliptrain00733_022.avi',0,0,0,0
actioncliptrain00733_023.avi',0,0,0,0
actioncliptrain00734_001.avi',0,0,0,0
actioncliptrain00734_002.avi',0,0,0,1
actioncliptrain00734_003.avi',0,0,0,0
actioncliptrain00735_001.avi',0,0,0,0
actioncliptrain00735_002.avi',0,0,0,0
actioncliptrain00735_003.avi',0,0,0,0
actioncliptrain00735_004.avi',0,0,0,0
actioncliptrain00735_005.avi',0,0,0,0
actioncliptrain00735_006.avi',1,0,0,0
actioncliptrain00735_007.avi',0,0,0,0
actioncliptrain00735_008.avi',0,0,0,0
actioncliptrain00735_009.avi',0,0,0,0
actioncliptrain00735_010.avi',0,0,0,0
actioncliptrain00735_011.avi',0,0,0,0
actioncliptrain00736_001.avi',0,0,0,0
actioncliptrain00736_002.avi',0,0,0,0
actioncliptrain00736_003.avi',1,0,0,0
actioncliptrain00736_004.avi',1,0,0,0
actioncliptrain00736_005.avi',0,0,0,0
actioncliptrain00736_006.avi',0,0,0,0
actioncliptrain00736_007.avi',0,0,0,0
actioncliptrain00736_008.avi',0,0,0,0
actioncliptrain00736_009.avi',0,0,0,0
actioncliptrain00736_010.avi',0,0,0,0
actioncliptrain00736_011.avi',0,0,0,0
actioncliptrain00736_012.avi',0,0,0,0
actioncliptrain00736_013.avi',0,0,0,0
actioncliptrain00736_014.avi',0,0,0,0
actioncliptrain00736_015.avi',0,0,0,0
actioncliptrain00737_001.avi',0,0,0,0
actioncliptrain00737_002.avi',0,0,0,1
actioncliptrain00738_001.avi',0,0,0,0
actioncliptrain00738_002.avi',0,0,0,0
actioncliptrain00738_003.avi',0,0,0,0
actioncliptrain00739_001.avi',0,1,0,0
actioncliptrain00740_001.avi',0,0,0,0
actioncliptrain00741_001.avi',0,1,0,0
actioncliptrain00741_002.avi',0,0,0,0
actioncliptrain00742_001.avi',0,0,0,0
actioncliptrain00742_002.avi',0,0,0,0
actioncliptrain00742_003.avi',0,0,0,0
actioncliptrain00742_004.avi',0,0,0,0
actioncliptrain00742_005.avi',0,0,0,0
actioncliptrain00743_001.avi',0,0,0,0
actioncliptrain00743_002.avi',0,0,0,0
actioncliptrain00744_001.avi',0,0,1,0
actioncliptrain00744_002.avi',0,0,0,0
actioncliptrain00745_001.avi',0,0,0,0
actioncliptrain00745_002.avi',0,0,0,0
actioncliptrain00745_003.avi',0,0,0,0
actioncliptrain00745_004.avi',0,0,0,0
actioncliptrain00745_005.avi',0,0,0,0
actioncliptrain00745_006.avi',0,0,0,0
actioncliptrain00745_007.avi',0,0,0,0
actioncliptrain00745_008.avi',0,0,0,0
actioncliptrain00746_001.avi',0,0,0,0
actioncliptrain00747_001.avi',0,0,0,0
actioncliptrain00747_002.avi',0,0,0,0
actioncliptrain00748_001.avi',0,0,0,0
actioncliptrain00749_001.avi',0,0,0,0
actioncliptrain00749_002.avi',0,0,0,0
actioncliptrain00749_003.avi',0,0,0,0
actioncliptrain00749_004.avi',0,0,0,0
actioncliptrain00750_001.avi',0,0,0,0
actioncliptrain00750_002.avi',0,0,0,0
actioncliptrain00750_003.avi',0,0,0,0
actioncliptrain00750_004.avi',0,0,0,0
actioncliptrain00750_005.avi',0,0,0,0
actioncliptrain00751_001.avi',0,0,0,0
actioncliptrain00751_002.avi',0,0,0,0
actioncliptrain00751_003.avi',0,0,0,0
actioncliptrain00751_004.avi',0,0,0,0
actioncliptrain00751_005.avi',0,0,0,0
actioncliptrain00751_006.avi',0,0,0,0
actioncliptrain00751_007.avi',0,0,0,0
actioncliptrain00752_001.avi',0,0,0,0
actioncliptrain00752_002.avi',1,0,0,0
actioncliptrain00752_003.avi',0,0,0,0
actioncliptrain00753_001.avi',0,0,0,0
actioncliptrain00753_002.avi',0,0,0,0
actioncliptrain00753_003.avi',0,1,0,0
actioncliptrain00754_001.avi',0,0,0,0
actioncliptrain00754_002.avi',0,0,0,0
actioncliptrain00755_001.avi',0,0,0,0
actioncliptrain00756_001.avi',0,0,0,0
actioncliptrain00757_001.avi',0,0,0,0
actioncliptrain00758_001.avi',0,0,0,0
actioncliptrain00758_002.avi',0,0,0,0
actioncliptrain00759_001.avi',0,0,0,0
actioncliptrain00760_001.avi',0,0,0,1
actioncliptrain00761_001.avi',0,0,0,0
actioncliptrain00762_001.avi',0,0,0,0
actioncliptrain00762_002.avi',0,0,0,0
actioncliptrain00762_003.avi',0,0,0,0
actioncliptrain00762_004.avi',0,0,0,0
actioncliptrain00763_001.avi',0,0,0,0
actioncliptrain00764_001.avi',0,0,0,0
actioncliptrain00764_002.avi',0,0,0,0
actioncliptrain00765_001.avi',0,0,0,0
actioncliptrain00765_002.avi',0,0,0,1
actioncliptrain00766_001.avi',0,0,0,0
actioncliptrain00766_002.avi',1,0,0,0
actioncliptrain00766_003.avi',0,0,0,0
actioncliptrain00766_004.avi',1,0,0,0
actioncliptrain00766_005.avi',0,0,0,0
actioncliptrain00766_006.avi',1,0,0,0
actioncliptrain00766_007.avi',0,0,0,0
actioncliptrain00766_008.avi',1,0,0,0
actioncliptrain00766_009.avi',1,0,0,0
actioncliptrain00766_010.avi',1,0,0,0
actioncliptrain00766_011.avi',1,0,0,0
actioncliptrain00766_012.avi',1,0,0,0
actioncliptrain00766_013.avi',1,0,0,0
actioncliptrain00766_014.avi',0,0,0,0
actioncliptrain00767_001.avi',0,0,0,1
actioncliptrain00768_001.avi',0,0,0,0
actioncliptrain00768_002.avi',0,0,0,0
actioncliptrain00769_001.avi',0,0,0,0
actioncliptrain00769_002.avi',0,0,0,0
actioncliptrain00769_003.avi',0,0,0,0
actioncliptrain00770_001.avi',0,0,0,0
actioncliptrain00770_002.avi',0,0,0,1
actioncliptrain00770_003.avi',0,0,0,0
actioncliptrain00771_001.avi',0,1,0,0
actioncliptrain00772_001.avi',0,0,0,0
actioncliptrain00773_001.avi',0,0,0,0
actioncliptrain00774_001.avi',0,0,0,1
actioncliptrain00775_001.avi',0,0,0,0
actioncliptrain00775_002.avi',0,0,0,0
actioncliptrain00776_001.avi',0,0,0,0
actioncliptrain00776_002.avi',0,1,0,0
actioncliptrain00776_003.avi',0,0,0,0
actioncliptrain00777_001.avi',0,0,1,0
actioncliptrain00777_002.avi',0,0,0,0
actioncliptrain00778_001.avi',0,0,0,0
actioncliptrain00778_002.avi',0,0,0,0
actioncliptrain00779_001.avi',0,0,0,0
actioncliptrain00779_002.avi',0,0,0,0
actioncliptrain00780_001.avi',1,0,0,0
actioncliptrain00781_001.avi',0,1,0,0
actioncliptrain00782_001.avi',0,0,0,1
actioncliptrain00783_001.avi',0,0,0,0
actioncliptrain00783_002.avi',0,0,0,0
actioncliptrain00784_001.avi',0,1,0,0
actioncliptrain00785_001.avi',0,0,0,0
actioncliptrain00786_001.avi',0,0,0,0
actioncliptrain00787_001.avi',0,0,0,1
actioncliptrain00787_002.avi',0,0,0,0
actioncliptrain00788_001.avi',0,1,0,0
actioncliptrain00789_001.avi',0,0,0,0
actioncliptrain00789_002.avi',0,0,0,0
actioncliptrain00790_001.avi',0,0,0,0
actioncliptrain00790_002.avi',0,0,0,0
actioncliptrain00791_001.avi',0,0,0,0
actioncliptrain00791_002.avi',0,0,0,0
actioncliptrain00792_001.avi',0,0,0,0
actioncliptrain00792_002.avi',0,0,0,0
actioncliptrain00793_001.avi',1,0,0,0
actioncliptrain00794_001.avi',0,0,0,0
actioncliptrain00794_002.avi',0,0,0,0
actioncliptrain00795_001.avi',0,0,0,0
actioncliptrain00795_002.avi',0,0,0,0
actioncliptrain00795_003.avi',0,0,0,0
actioncliptrain00795_004.avi',0,0,0,0
actioncliptrain00796_001.avi',0,0,0,0
actioncliptrain00797_001.avi',0,0,0,0
actioncliptrain00797_002.avi',0,0,0,0
actioncliptrain00797_003.avi',0,0,0,0
actioncliptrain00798_001.avi',0,0,0,0
actioncliptrain00798_002.avi',0,0,0,0
actioncliptrain00799_001.avi',0,0,0,0
actioncliptrain00799_002.avi',0,0,0,0
actioncliptrain00799_003.avi',0,0,0,0
actioncliptrain00800_001.avi',0,0,0,0
actioncliptrain00800_002.avi',0,0,0,0
actioncliptrain00801_001.avi',0,0,0,0
actioncliptrain00801_002.avi',0,0,0,0
actioncliptrain00801_003.avi',0,0,0,0
actioncliptrain00801_004.avi',0,0,0,0
actioncliptrain00801_005.avi',0,0,0,0
actioncliptrain00801_006.avi',0,0,0,0
actioncliptrain00801_007.avi',0,0,0,0
actioncliptrain00801_008.avi',0,0,0,0
actioncliptrain00801_009.avi',0,0,0,0
actioncliptrain00801_010.avi',0,0,0,0
actioncliptrain00801_011.avi',0,0,0,0
actioncliptrain00802_001.avi',0,0,0,0
actioncliptrain00802_002.avi',0,0,0,0
actioncliptrain00802_003.avi',0,0,0,0
actioncliptrain00803_001.avi',0,0,0,0
actioncliptrain00803_002.avi',0,0,0,1
actioncliptrain00803_003.avi',0,0,0,0
actioncliptrain00804_001.avi',0,0,0,0
actioncliptrain00804_002.avi',0,0,0,0
actioncliptrain00804_003.avi',0,0,0,0
actioncliptrain00804_004.avi',0,0,0,0
actioncliptrain00804_005.avi',0,0,0,0
actioncliptrain00804_006.avi',0,0,0,0
actioncliptrain00804_007.avi',0,0,0,0
actioncliptrain00804_008.avi',0,0,0,0
actioncliptrain00804_009.avi',0,0,0,0
actioncliptrain00804_010.avi',0,0,0,0
actioncliptrain00804_011.avi',0,0,0,0
actioncliptrain00804_012.avi',0,0,0,0
actioncliptrain00804_013.avi',0,0,0,0
actioncliptrain00804_014.avi',0,0,0,0
actioncliptrain00804_015.avi',0,0,0,0
actioncliptrain00804_016.avi',0,0,0,0
actioncliptrain00804_017.avi',0,0,0,0
actioncliptrain00804_018.avi',0,0,0,0
actioncliptrain00804_019.avi',0,0,0,0
actioncliptrain00804_020.avi',0,0,0,0
actioncliptrain00804_021.avi',0,0,0,0
actioncliptrain00804_022.avi',0,0,0,0
actioncliptrain00805_001.avi',0,0,0,1
actioncliptrain00806_001.avi',0,0,0,0
actioncliptrain00806_002.avi',0,0,0,0
actioncliptrain00807_001.avi',0,0,0,0
actioncliptrain00807_002.avi',0,0,1,0
actioncliptrain00808_001.avi',0,0,0,0
actioncliptrain00808_002.avi',0,0,0,0
actioncliptrain00808_003.avi',0,0,0,0
actioncliptrain00809_001.avi',0,0,0,0
actioncliptrain00809_002.avi',0,0,0,0
actioncliptrain00809_003.avi',0,0,0,1
actioncliptrain00810_001.avi',0,0,0,0
actioncliptrain00810_002.avi',0,0,0,0
actioncliptrain00810_003.avi',0,0,0,0
actioncliptrain00810_004.avi',0,0,0,0
actioncliptrain00811_001.avi',0,0,0,0
actioncliptrain00811_002.avi',0,0,0,0
actioncliptrain00811_003.avi',0,0,0,0
actioncliptrain00812_001.avi',0,0,0,0
actioncliptrain00812_002.avi',0,0,0,0
actioncliptrain00812_003.avi',0,0,0,0
actioncliptrain00812_004.avi',0,0,0,0
actioncliptrain00812_005.avi',0,0,0,0
actioncliptrain00812_006.avi',0,0,0,0
actioncliptrain00812_007.avi',0,0,0,0
actioncliptrain00812_008.avi',0,0,0,0
actioncliptrain00812_009.avi',0,0,0,0
actioncliptrain00812_010.avi',0,0,0,0
actioncliptrain00812_011.avi',0,0,0,0
actioncliptrain00812_012.avi',0,0,0,0
actioncliptrain00812_013.avi',0,0,0,0
actioncliptrain00812_014.avi',0,0,0,0
actioncliptrain00812_015.avi',0,0,0,0
actioncliptrain00812_016.avi',0,0,0,0
actioncliptrain00812_017.avi',0,0,0,0
actioncliptrain00812_018.avi',0,0,0,0
actioncliptrain00813_001.avi',0,0,0,0
actioncliptrain00813_002.avi',0,0,0,0
actioncliptrain00813_003.avi',0,0,0,0
actioncliptrain00813_004.avi',0,0,0,0
actioncliptrain00813_005.avi',0,0,0,0
actioncliptrain00813_006.avi',0,0,0,0
actioncliptrain00813_007.avi',0,0,0,0
actioncliptrain00813_008.avi',0,0,0,0
actioncliptrain00813_009.avi',0,0,0,0
actioncliptrain00813_010.avi',0,0,0,0
actioncliptrain00813_011.avi',0,0,0,0
actioncliptrain00813_012.avi',0,0,0,0
actioncliptrain00813_013.avi',0,0,0,0
actioncliptrain00814_001.avi',0,0,0,0
actioncliptrain00814_002.avi',0,0,0,0
actioncliptrain00814_003.avi',0,0,0,0
actioncliptrain00814_004.avi',0,0,0,0
actioncliptrain00814_005.avi',0,0,0,0
actioncliptrain00814_006.avi',0,0,0,0
actioncliptrain00814_007.avi',0,0,0,0
actioncliptrain00814_008.avi',0,0,0,0
actioncliptrain00814_009.avi',0,0,0,0
actioncliptrain00814_010.avi',0,0,0,0
actioncliptrain00814_011.avi',0,0,0,0
actioncliptrain00814_012.avi',0,0,0,0
actioncliptrain00814_013.avi',0,0,0,0
actioncliptrain00814_014.avi',0,0,0,0
actioncliptrain00814_015.avi',0,0,0,0
actioncliptrain00814_016.avi',0,0,0,0
actioncliptrain00814_017.avi',0,0,0,0
actioncliptrain00814_018.avi',0,0,0,0
actioncliptrain00814_019.avi',0,0,0,0
actioncliptrain00814_020.avi',0,0,0,0
actioncliptrain00814_021.avi',0,0,0,0
actioncliptrain00814_022.avi',0,0,0,0
actioncliptrain00814_023.avi',0,0,0,0
actioncliptrain00814_024.avi',0,0,0,0
actioncliptrain00814_025.avi',0,0,0,0
actioncliptrain00814_026.avi',0,0,0,0
actioncliptrain00814_027.avi',0,0,0,0
actioncliptrain00814_028.avi',0,0,0,0
actioncliptrain00815_001.avi',0,0,0,0
actioncliptrain00815_002.avi',0,0,0,0
actioncliptrain00815_003.avi',0,0,0,0
actioncliptrain00815_004.avi',0,0,0,0
actioncliptrain00815_005.avi',0,0,0,0
actioncliptrain00816_001.avi',0,0,0,1
actioncliptrain00816_002.avi',0,0,0,0
actioncliptrain00816_003.avi',0,0,0,0
actioncliptrain00817_001.avi',0,0,0,0
actioncliptrain00817_002.avi',0,0,0,0
actioncliptrain00817_003.avi',0,0,0,0
actioncliptrain00817_004.avi',0,0,0,0
actioncliptrain00817_005.avi',0,0,0,1
actioncliptrain00817_006.avi',0,0,0,0
actioncliptrain00817_007.avi',0,0,0,0
actioncliptrain00817_008.avi',0,0,0,0
actioncliptrain00817_009.avi',0,0,0,1
actioncliptrain00817_010.avi',0,0,0,0
actioncliptrain00817_011.avi',0,0,0,0
actioncliptrain00817_012.avi',0,0,0,0
actioncliptrain00817_013.avi',0,0,0,0
actioncliptrain00817_014.avi',0,0,0,0
actioncliptrain00817_015.avi',0,0,0,0
actioncliptrain00817_016.avi',0,0,0,0
actioncliptrain00817_017.avi',0,0,0,0
actioncliptrain00817_018.avi',0,0,0,0
actioncliptrain00817_019.avi',0,0,0,0
actioncliptrain00817_020.avi',0,0,0,0
actioncliptrain00817_021.avi',0,0,0,0
actioncliptrain00817_022.avi',0,0,0,0
actioncliptrain00817_023.avi',0,0,0,0
actioncliptrain00817_024.avi',0,0,0,0
actioncliptrain00817_025.avi',0,0,0,0
actioncliptrain00817_026.avi',0,0,0,0
actioncliptrain00817_027.avi',0,0,0,0
actioncliptrain00817_028.avi',0,0,0,0
actioncliptrain00817_029.avi',0,0,0,0
actioncliptrain00817_030.avi',0,0,0,0
actioncliptrain00817_031.avi',0,0,0,0
actioncliptrain00817_032.avi',0,0,0,0
actioncliptrain00817_033.avi',0,0,0,0
actioncliptrain00817_034.avi',0,0,0,0
actioncliptrain00818_001.avi',0,0,0,0
actioncliptrain00818_002.avi',0,0,0,0
actioncliptrain00818_003.avi',0,0,0,0
actioncliptrain00818_004.avi',0,0,0,0
actioncliptrain00818_005.avi',0,0,0,0
actioncliptrain00818_006.avi',0,0,0,0
actioncliptrain00818_007.avi',0,0,0,0
actioncliptrain00818_008.avi',0,0,0,0
actioncliptrain00818_009.avi',0,0,0,0
actioncliptrain00818_010.avi',0,0,0,0
actioncliptrain00818_011.avi',0,0,0,0
actioncliptrain00818_012.avi',0,0,0,0
actioncliptrain00818_013.avi',0,0,0,0
actioncliptrain00818_014.avi',0,0,0,0
actioncliptrain00818_015.avi',0,0,0,0
actioncliptrain00818_016.avi',0,0,0,0
actioncliptrain00819_001.avi',0,0,0,0
actioncliptrain00819_002.avi',0,0,0,0
actioncliptrain00819_003.avi',0,0,0,1
actioncliptrain00819_004.avi',0,0,0,0
actioncliptrain00820_001.avi',0,0,0,1
actioncliptrain00820_002.avi',0,0,0,0
actioncliptrain00821_001.avi',0,0,0,0
actioncliptrain00821_002.avi',0,0,1,0
actioncliptrain00821_003.avi',0,0,0,0
actioncliptrain00822_001.avi',0,0,0,0
actioncliptrain00823_001.avi',0,0,0,0
actioncliptrain00823_002.avi',0,0,0,0
actioncliptrain00823_003.avi',0,0,0,1
actioncliptrain00823_004.avi',0,0,0,0